DateTime,Open,High,Low,Close,Volume,OpenInterest
2004-01-01 00:00:00+05:30,1880.35,1917.05,1880.35,1912.25,0,0
2004-01-02 00:00:00+05:30,1912.25,1951.7,1911.05,1946.05,0,0
2004-01-05 00:00:00+05:30,1946.3,1969.2,1930.75,1955.0,0,0
2004-01-06 00:00:00+05:30,1955.1,1979.05,1908.75,1926.7,0,0
2004-01-07 00:00:00+05:30,1927.95,1930.95,1888.1,1916.75,0,0
2004-01-08 00:00:00+05:30,1918.1,1973.45,1918.1,1968.55,0,0
2004-01-09 00:00:00+05:30,1969.0,2014.65,1957.45,1971.9,0,0
2004-01-12 00:00:00+05:30,1972.0,1980.55,1936.75,1945.6,0,0
2004-01-13 00:00:00+05:30,1944.7,1967.85,1926.1,1963.6,0,0
2004-01-14 00:00:00+05:30,1987.4,1995.2,1970.1,1982.15,0,0
2004-01-15 00:00:00+05:30,1983.2,2000.3,1933.25,1944.45,0,0
2004-01-16 00:00:00+05:30,1944.15,1953.05,1887.1,1900.65,0,0
2004-01-19 00:00:00+05:30,1901.9,1943.1,1874.95,1935.35,0,0
2004-01-20 00:00:00+05:30,1928.8,1957.65,1876.85,1893.25,0,0
2004-01-21 00:00:00+05:30,1895.45,1899.55,1811.35,1824.6,0,0
2004-01-22 00:00:00+05:30,1824.7,1854.55,1756.25,1770.5,0,0
2004-01-23 00:00:00+05:30,1771.1,1858.5,1771.1,1847.55,0,0
2004-01-27 00:00:00+05:30,1847.9,1911.3,1844.65,1904.7,0,0
2004-01-28 00:00:00+05:30,1903.9,1918.45,1846.35,1863.1,0,0
2004-01-29 00:00:00+05:30,1863.0,1883.1,1827.25,1843.6,0,0
2004-01-30 00:00:00+05:30,1843.7,1860.4,1804.3,1809.75,0,0
2004-02-03 00:00:00+05:30,1809.3,1815.95,1755.65,1769.0,0,0
2004-02-04 00:00:00+05:30,1769.1,1829.65,1761.75,1822.2,0,0
2004-02-05 00:00:00+05:30,1823.5,1846.75,1787.15,1804.5,0,0
2004-02-06 00:00:00+05:30,1804.35,1837.95,1797.95,1833.65,0,0
2004-02-09 00:00:00+05:30,1834.9,1885.2,1833.05,1880.7,0,0
2004-02-10 00:00:00+05:30,1880.85,1897.0,1861.65,1880.75,0,0
2004-02-11 00:00:00+05:30,1891.8,1894.8,1874.5,1891.5,0,0
2004-02-12 00:00:00+05:30,1892.2,1906.1,1869.25,1885.3,0,0
2004-02-13 00:00:00+05:30,1875.6,1916.2,1873.25,1913.6,0,0
2004-02-16 00:00:00+05:30,1914.45,1929.5,1909.45,1913.55,0,0
2004-02-17 00:00:00+05:30,1913.55,1926.15,1905.5,1920.1,0,0
2004-02-18 00:00:00+05:30,1920.0,1935.8,1912.6,1916.45,0,0
2004-02-19 00:00:00+05:30,1916.65,1919.7,1851.8,1858.3,0,0
2004-02-20 00:00:00+05:30,1858.25,1872.85,1831.15,1852.65,0,0
2004-02-23 00:00:00+05:30,1853.0,1867.25,1800.2,1808.2,0,0
2004-02-24 00:00:00+05:30,1808.4,1826.85,1780.35,1821.35,0,0
2004-02-25 00:00:00+05:30,1833.65,1834.1,1779.0,1786.8,0,0
2004-02-26 00:00:00+05:30,1787.45,1818.6,1760.55,1765.8,0,0
2004-02-27 00:00:00+05:30,1765.9,1807.45,1763.95,1800.3,0,0
2004-03-01 00:00:00+05:30,1798.35,1856.45,1795.35,1852.7,0,0
2004-03-03 00:00:00+05:30,1852.45,1868.25,1842.45,1860.4,0,0
2004-03-04 00:00:00+05:30,1859.3,1867.95,1831.2,1843.85,0,0
2004-03-05 00:00:00+05:30,1843.9,1871.1,1843.9,1867.7,0,0
2004-03-08 00:00:00+05:30,1868.15,1891.95,1867.95,1885.25,0,0
2004-03-09 00:00:00+05:30,1884.5,1898.7,1843.0,1866.05,0,0
2004-03-10 00:00:00+05:30,1866.3,1866.4,1835.8,1844.35,0,0
2004-03-11 00:00:00+05:30,1843.95,1843.95,1798.45,1805.4,0,0
2004-03-12 00:00:00+05:30,1805.2,1820.95,1775.9,1812.2,0,0
2004-03-15 00:00:00+05:30,1812.45,1836.0,1751.8,1763.4,0,0
2004-03-16 00:00:00+05:30,1763.35,1769.5,1730.1,1749.35,0,0
2004-03-17 00:00:00+05:30,1749.6,1765.05,1738.85,1749.85,0,0
2004-03-18 00:00:00+05:30,1750.0,1754.95,1708.3,1716.65,0,0
2004-03-19 00:00:00+05:30,1716.3,1738.6,1703.55,1725.1,0,0
2004-03-22 00:00:00+05:30,1726.3,1726.35,1678.4,1685.0,0,0
2004-03-23 00:00:00+05:30,1685.15,1710.45,1669.7,1696.4,0,0
2004-03-24 00:00:00+05:30,1697.4,1700.65,1676.4,1692.1,0,0
2004-03-25 00:00:00+05:30,1691.95,1720.65,1691.95,1704.45,0,0
2004-03-26 00:00:00+05:30,1704.45,1755.45,1703.8,1747.5,0,0
2004-03-29 00:00:00+05:30,1747.35,1766.15,1739.5,1762.05,0,0
2004-03-30 00:00:00+05:30,1762.15,1775.4,1746.25,1750.15,0,0
2004-03-31 00:00:00+05:30,1744.6,1775.3,1740.2,1771.9,0,0
2004-04-01 00:00:00+05:30,1771.45,1823.05,1771.45,1819.65,0,0
2004-04-02 00:00:00+05:30,1856.1,1856.3,1809.0,1841.1,0,0
2004-04-05 00:00:00+05:30,1841.1,1878.8,1840.0,1856.6,0,0
2004-04-06 00:00:00+05:30,1870.8,1876.15,1836.9,1851.15,0,0
2004-04-07 00:00:00+05:30,1856.4,1865.2,1833.95,1848.7,0,0
2004-04-08 00:00:00+05:30,1854.0,1864.95,1839.7,1853.55,0,0
2004-04-12 00:00:00+05:30,1860.3,1873.75,1828.95,1838.2,0,0
2004-04-13 00:00:00+05:30,1838.5,1885.15,1819.8,1878.45,0,0
2004-04-15 00:00:00+05:30,1878.5,1884.5,1855.0,1861.95,0,0
2004-04-16 00:00:00+05:30,1863.85,1882.55,1861.8,1868.95,0,0
2004-04-17 00:00:00+05:30,1869.2,1875.95,1864.95,1868.1,0,0
2004-04-19 00:00:00+05:30,1868.2,1876.2,1837.4,1844.05,0,0
2004-04-20 00:00:00+05:30,1844.4,1851.0,1832.0,1844.25,0,0
2004-04-21 00:00:00+05:30,1844.35,1876.0,1838.6,1873.35,0,0
2004-04-22 00:00:00+05:30,1873.55,1894.6,1871.0,1889.55,0,0
2004-04-23 00:00:00+05:30,1890.85,1912.35,1885.75,1892.45,0,0
2004-04-27 00:00:00+05:30,1890.05,1893.1,1814.0,1817.25,0,0
2004-04-28 00:00:00+05:30,1819.0,1833.95,1801.8,1816.55,0,0
2004-04-29 00:00:00+05:30,1816.7,1818.9,1793.1,1808.95,0,0
2004-04-30 00:00:00+05:30,1820.55,1841.45,1788.3,1796.1,0,0
2004-05-03 00:00:00+05:30,1796.1,1801.45,1742.8,1766.7,0,0
2004-05-04 00:00:00+05:30,1769.1,1803.15,1768.8,1793.1,0,0
2004-05-05 00:00:00+05:30,1789.45,1814.35,1788.1,1809.9,0,0
2004-05-06 00:00:00+05:30,1810.3,1837.95,1810.3,1832.8,0,0
2004-05-07 00:00:00+05:30,1832.85,1833.15,1796.95,1804.45,0,0
2004-05-10 00:00:00+05:30,1804.4,1804.4,1753.8,1769.1,0,0
2004-05-11 00:00:00+05:30,1768.7,1768.7,1692.9,1699.45,0,0
2004-05-12 00:00:00+05:30,1699.25,1721.35,1689.85,1711.1,0,0
2004-05-13 00:00:00+05:30,1707.95,1750.3,1625.1,1717.5,0,0
2004-05-14 00:00:00+05:30,1717.05,1722.8,1566.95,1582.4,0,0
2004-05-17 00:00:00+05:30,1582.5,1583.8,1292.2,1388.75,0,0
2004-05-18 00:00:00+05:30,1392.95,1517.6,1389.65,1503.95,0,0
2004-05-19 00:00:00+05:30,1508.05,1576.05,1508.05,1567.85,0,0
2004-05-20 00:00:00+05:30,1566.5,1591.05,1531.3,1543.85,0,0
2004-05-21 00:00:00+05:30,1545.05,1566.15,1498.1,1560.2,0,0
2004-05-24 00:00:00+05:30,1563.65,1613.6,1563.05,1608.85,0,0
2004-05-25 00:00:00+05:30,1608.9,1621.45,1566.4,1606.7,0,0
2004-05-26 00:00:00+05:30,1608.15,1625.7,1587.0,1598.8,0,0
2004-05-27 00:00:00+05:30,1590.15,1606.0,1576.05,1586.4,0,0
2004-05-28 00:00:00+05:30,1586.35,1587.1,1504.0,1508.75,0,0
2004-05-31 00:00:00+05:30,1507.05,1509.05,1456.2,1483.6,0,0
2004-06-01 00:00:00+05:30,1483.9,1529.6,1483.9,1507.9,0,0
2004-06-02 00:00:00+05:30,1508.0,1543.3,1508.0,1535.2,0,0
2004-06-03 00:00:00+05:30,1535.8,1566.5,1484.5,1495.1,0,0
2004-06-04 00:00:00+05:30,1494.85,1527.0,1480.8,1521.1,0,0
2004-06-07 00:00:00+05:30,1521.6,1557.5,1521.6,1542.55,0,0
2004-06-08 00:00:00+05:30,1542.6,1557.0,1526.45,1550.55,0,0
2004-06-09 00:00:00+05:30,1550.45,1561.6,1541.6,1548.3,0,0
2004-06-10 00:00:00+05:30,1547.7,1552.75,1535.0,1544.75,0,0
2004-06-11 00:00:00+05:30,1544.95,1547.4,1504.8,1508.45,0,0
2004-06-14 00:00:00+05:30,1508.15,1509.6,1474.65,1481.35,0,0
2004-06-15 00:00:00+05:30,1481.45,1507.85,1481.0,1501.0,0,0
2004-06-16 00:00:00+05:30,1500.95,1525.2,1490.45,1494.75,0,0
2004-06-17 00:00:00+05:30,1494.7,1519.2,1482.2,1512.05,0,0
2004-06-18 00:00:00+05:30,1511.95,1515.05,1485.05,1491.2,0,0
2004-06-21 00:00:00+05:30,1490.75,1499.8,1478.85,1482.0,0,0
2004-06-22 00:00:00+05:30,1482.85,1489.6,1467.65,1474.7,0,0
2004-06-23 00:00:00+05:30,1474.8,1481.45,1442.55,1446.1,0,0
2004-06-24 00:00:00+05:30,1445.35,1474.3,1437.9,1470.75,0,0
2004-06-25 00:00:00+05:30,1471.5,1494.0,1459.55,1488.5,0,0
2004-06-28 00:00:00+05:30,1488.6,1516.95,1488.6,1514.35,0,0
2004-06-29 00:00:00+05:30,1514.35,1528.5,1503.3,1518.3,0,0
2004-06-30 00:00:00+05:30,1518.7,1532.15,1501.7,1505.6,0,0
2004-07-01 00:00:00+05:30,1506.65,1539.15,1504.55,1537.2,0,0
2004-07-02 00:00:00+05:30,1537.05,1547.65,1516.15,1537.5,0,0
2004-07-05 00:00:00+05:30,1537.55,1546.0,1522.9,1526.85,0,0
2004-07-06 00:00:00+05:30,1526.65,1561.0,1524.15,1558.25,0,0
2004-07-07 00:00:00+05:30,1558.05,1578.5,1551.35,1566.8,0,0
2004-07-08 00:00:00+05:30,1567.25,1586.55,1504.5,1518.15,0,0
2004-07-09 00:00:00+05:30,1517.45,1557.75,1472.55,1553.2,0,0
2004-07-12 00:00:00+05:30,1548.6,1562.8,1537.7,1556.95,0,0
2004-07-13 00:00:00+05:30,1560.0,1569.75,1530.6,1539.3,0,0
2004-07-14 00:00:00+05:30,1535.1,1552.25,1519.35,1522.75,0,0
2004-07-15 00:00:00+05:30,1523.1,1543.25,1517.8,1539.4,0,0
2004-07-16 00:00:00+05:30,1538.15,1562.0,1533.65,1558.8,0,0
2004-07-19 00:00:00+05:30,1559.2,1582.35,1556.55,1571.6,0,0
2004-07-20 00:00:00+05:30,1571.7,1581.05,1555.55,1566.1,0,0
2004-07-21 00:00:00+05:30,1566.15,1600.7,1562.9,1581.4,0,0
2004-07-22 00:00:00+05:30,1581.6,1609.55,1580.95,1598.1,0,0
2004-07-23 00:00:00+05:30,1587.6,1610.85,1587.6,1601.6,0,0
2004-07-26 00:00:00+05:30,1602.15,1620.35,1584.65,1618.0,0,0
2004-07-27 00:00:00+05:30,1617.95,1629.35,1597.2,1600.75,0,0
2004-07-28 00:00:00+05:30,1600.85,1609.45,1586.15,1594.15,0,0
2004-07-29 00:00:00+05:30,1594.7,1624.3,1590.15,1618.7,0,0
2004-07-30 00:00:00+05:30,1618.9,1638.7,1609.9,1632.3,0,0
2004-08-02 00:00:00+05:30,1631.55,1643.8,1627.25,1639.05,0,0
2004-08-03 00:00:00+05:30,1639.95,1648.35,1626.3,1630.6,0,0
2004-08-04 00:00:00+05:30,1631.3,1635.95,1618.2,1626.55,0,0
2004-08-05 00:00:00+05:30,1626.4,1656.25,1626.4,1654.95,0,0
2004-08-06 00:00:00+05:30,1654.85,1658.7,1626.7,1633.4,0,0
2004-08-09 00:00:00+05:30,1633.25,1644.4,1617.05,1642.6,0,0
2004-08-10 00:00:00+05:30,1642.75,1656.6,1637.7,1652.15,0,0
2004-08-11 00:00:00+05:30,1652.1,1658.9,1616.85,1621.6,0,0
2004-08-12 00:00:00+05:30,1624.3,1629.15,1599.5,1607.2,0,0
2004-08-13 00:00:00+05:30,1598.2,1612.7,1591.6,1598.2,0,0
2004-08-16 00:00:00+05:30,1597.5,1603.2,1582.35,1599.15,0,0
2004-08-17 00:00:00+05:30,1624.0,1628.45,1597.45,1604.35,0,0
2004-08-18 00:00:00+05:30,1604.15,1604.15,1577.25,1581.8,0,0
2004-08-19 00:00:00+05:30,1581.9,1612.5,1581.9,1609.2,0,0
2004-08-20 00:00:00+05:30,1609.2,1610.6,1584.05,1590.35,0,0
2004-08-23 00:00:00+05:30,1590.9,1595.55,1573.7,1578.2,0,0
2004-08-24 00:00:00+05:30,1578.2,1597.9,1578.05,1591.6,0,0
2004-08-25 00:00:00+05:30,1592.2,1598.55,1586.35,1595.7,0,0
2004-08-26 00:00:00+05:30,1595.75,1613.25,1593.45,1610.75,0,0
2004-08-27 00:00:00+05:30,1610.85,1617.25,1600.15,1609.0,0,0
2004-08-30 00:00:00+05:30,1609.45,1629.9,1609.2,1628.45,0,0
2004-08-31 00:00:00+05:30,1628.5,1634.8,1618.3,1631.75,0,0
2004-09-01 00:00:00+05:30,1631.7,1640.55,1631.1,1635.45,0,0
2004-09-02 00:00:00+05:30,1635.5,1641.25,1619.9,1629.3,0,0
2004-09-03 00:00:00+05:30,1629.65,1636.1,1622.1,1634.1,0,0
2004-09-06 00:00:00+05:30,1634.6,1649.15,1634.45,1644.0,0,0
2004-09-07 00:00:00+05:30,1643.95,1653.15,1641.8,1650.15,0,0
2004-09-08 00:00:00+05:30,1650.6,1658.85,1648.25,1656.25,0,0
2004-09-09 00:00:00+05:30,1656.25,1662.4,1640.25,1649.0,0,0
2004-09-10 00:00:00+05:30,1649.45,1670.95,1642.35,1668.75,0,0
2004-09-13 00:00:00+05:30,1668.25,1681.75,1668.05,1675.2,0,0
2004-09-14 00:00:00+05:30,1675.2,1686.8,1668.45,1685.55,0,0
2004-09-15 00:00:00+05:30,1685.7,1694.45,1675.85,1683.2,0,0
2004-09-16 00:00:00+05:30,1683.6,1708.0,1677.35,1705.7,0,0
2004-09-17 00:00:00+05:30,1702.7,1736.4,1702.7,1733.65,0,0
2004-09-20 00:00:00+05:30,1734.05,1741.55,1725.3,1728.8,0,0
2004-09-21 00:00:00+05:30,1728.75,1753.0,1724.7,1750.2,0,0
2004-09-22 00:00:00+05:30,1749.75,1760.8,1736.3,1753.9,0,0
2004-09-23 00:00:00+05:30,1753.1,1753.15,1723.4,1726.15,0,0
2004-09-24 00:00:00+05:30,1726.15,1736.9,1717.2,1722.5,0,0
2004-09-27 00:00:00+05:30,1722.4,1726.15,1707.95,1717.5,0,0
2004-09-28 00:00:00+05:30,1717.45,1717.9,1697.4,1700.25,0,0
2004-09-29 00:00:00+05:30,1700.55,1730.3,1695.7,1727.95,0,0
2004-09-30 00:00:00+05:30,1728.3,1748.2,1728.2,1745.5,0,0
2004-10-01 00:00:00+05:30,1744.4,1778.65,1737.85,1775.15,0,0
2004-10-04 00:00:00+05:30,1776.75,1813.9,1775.45,1805.65,0,0
2004-10-05 00:00:00+05:30,1805.85,1816.55,1798.6,1812.45,0,0
2004-10-06 00:00:00+05:30,1811.7,1824.8,1790.6,1794.9,0,0
2004-10-07 00:00:00+05:30,1793.0,1821.85,1793.0,1815.7,0,0
2004-10-08 00:00:00+05:30,1815.65,1825.15,1808.75,1820.2,0,0
2004-10-09 00:00:00+05:30,1812.85,1824.9,1812.8,1817.8,0,0
2004-10-11 00:00:00+05:30,1817.85,1829.45,1803.5,1807.75,0,0
2004-10-12 00:00:00+05:30,1808.45,1820.9,1783.05,1786.9,0,0
2004-10-14 00:00:00+05:30,1784.8,1805.7,1773.0,1794.75,0,0
2004-10-15 00:00:00+05:30,1794.8,1814.05,1789.55,1795.0,0,0
2004-10-18 00:00:00+05:30,1796.05,1806.15,1782.95,1786.0,0,0
2004-10-19 00:00:00+05:30,1787.2,1813.9,1787.2,1808.4,0,0
2004-10-20 00:00:00+05:30,1808.6,1815.2,1785.45,1790.05,0,0
2004-10-21 00:00:00+05:30,1790.35,1795.4,1772.4,1779.75,0,0
2004-10-25 00:00:00+05:30,1780.0,1783.55,1753.5,1757.25,0,0
2004-10-26 00:00:00+05:30,1777.85,1782.1,1750.3,1781.05,0,0
2004-10-27 00:00:00+05:30,1781.15,1797.55,1774.2,1783.85,0,0
2004-10-28 00:00:00+05:30,1783.9,1808.15,1783.9,1800.1,0,0
2004-10-29 00:00:00+05:30,1800.85,1808.85,1783.1,1786.9,0,0
2004-11-01 00:00:00+05:30,1787.3,1800.25,1776.7,1797.75,0,0
2004-11-02 00:00:00+05:30,1798.3,1817.1,1798.3,1813.7,0,0
2004-11-03 00:00:00+05:30,1814.15,1838.4,1814.15,1837.4,0,0
2004-11-04 00:00:00+05:30,1837.8,1853.05,1830.5,1834.85,0,0
2004-11-05 00:00:00+05:30,1836.05,1854.4,1836.0,1852.3,0,0
2004-11-08 00:00:00+05:30,1852.45,1871.05,1852.45,1862.8,0,0
2004-11-09 00:00:00+05:30,1863.55,1869.45,1853.45,1858.75,0,0
2004-11-10 00:00:00+05:30,1859.65,1878.2,1857.7,1876.1,0,0
2004-11-11 00:00:00+05:30,1876.45,1884.65,1866.95,1870.55,0,0
2004-11-12 00:00:00+05:30,1871.9,1885.05,1866.75,1872.95,0,0
2004-11-16 00:00:00+05:30,1872.8,1881.4,1862.8,1879.0,0,0
2004-11-17 00:00:00+05:30,1879.05,1892.15,1874.35,1888.65,0,0
2004-11-18 00:00:00+05:30,1890.45,1895.3,1880.8,1892.05,0,0
2004-11-19 00:00:00+05:30,1891.95,1898.15,1869.35,1872.35,0,0
2004-11-22 00:00:00+05:30,1872.55,1878.05,1845.1,1873.35,0,0
2004-11-23 00:00:00+05:30,1873.35,1900.05,1873.35,1892.6,0,0
2004-11-24 00:00:00+05:30,1893.15,1907.35,1889.85,1904.05,0,0
2004-11-25 00:00:00+05:30,1904.25,1915.8,1892.6,1901.05,0,0
2004-11-29 00:00:00+05:30,1899.3,1942.95,1894.6,1939.65,0,0
2004-11-30 00:00:00+05:30,1940.25,1963.8,1940.25,1958.8,0,0
2004-12-01 00:00:00+05:30,1960.75,1971.6,1944.5,1962.05,0,0
2004-12-02 00:00:00+05:30,1962.75,2001.55,1962.75,1999.0,0,0
2004-12-03 00:00:00+05:30,1991.9,2011.9,1990.3,1996.2,0,0
2004-12-06 00:00:00+05:30,1996.3,2012.25,1989.95,1993.15,0,0
2004-12-07 00:00:00+05:30,1990.6,2002.6,1981.15,1992.7,0,0
2004-12-08 00:00:00+05:30,1994.15,2009.7,1973.15,1977.95,0,0
2004-12-09 00:00:00+05:30,1977.8,1995.7,1964.5,1989.95,0,0
2004-12-10 00:00:00+05:30,1990.2,1999.7,1964.65,1969.0,0,0
2004-12-13 00:00:00+05:30,1970.6,1987.0,1964.8,1985.35,0,0
2004-12-14 00:00:00+05:30,1985.2,2008.8,1972.85,2006.8,0,0
2004-12-15 00:00:00+05:30,2006.8,2034.35,2006.8,2028.7,0,0
2004-12-16 00:00:00+05:30,2028.8,2039.2,2019.5,2033.2,0,0
2004-12-17 00:00:00+05:30,2032.85,2037.7,2007.2,2012.1,0,0
2004-12-20 00:00:00+05:30,2012.5,2029.5,2007.15,2026.85,0,0
2004-12-21 00:00:00+05:30,2027.8,2047.5,2025.25,2044.65,0,0
2004-12-22 00:00:00+05:30,2040.6,2053.9,2029.85,2035.35,0,0
2004-12-23 00:00:00+05:30,2035.6,2049.3,2031.9,2045.15,0,0
2004-12-24 00:00:00+05:30,2045.35,2065.6,2045.3,2062.69,0,0
2004-12-27 00:00:00+05:30,2061.6,2079.05,2046.25,2062.6,0,0
2004-12-28 00:00:00+05:30,2063.6,2074.6,2060.05,2071.35,0,0
2004-12-29 00:00:00+05:30,2071.55,2086.15,2062.35,2069.6,0,0
2004-12-30 00:00:00+05:30,2070.55,2088.44,2052.25,2059.8,0,0
2004-12-31 00:00:00+05:30,2059.85,2083.0,2059.85,2080.5,0,0
2005-01-03 00:00:00+05:30,2080.0,2118.6,2080.0,2115.0,0,0
2005-01-04 00:00:00+05:30,2116.94,2120.15,2100.55,2103.75,0,0
2005-01-05 00:00:00+05:30,2103.75,2105.1,1990.15,2032.2,0,0
2005-01-06 00:00:00+05:30,2031.55,2035.65,1984.25,1998.35,0,0
2005-01-07 00:00:00+05:30,1998.25,2021.45,1992.55,2015.5,0,0
2005-01-10 00:00:00+05:30,2016.75,2025.9,1974.8,1982.0,0,0
2005-01-11 00:00:00+05:30,1982.7,1988.9,1947.35,1952.05,0,0
2005-01-12 00:00:00+05:30,1953.6,1966.65,1900.85,1913.6,0,0
2005-01-13 00:00:00+05:30,1922.5,1963.4,1916.95,1954.55,0,0
2005-01-14 00:00:00+05:30,1954.9,1961.4,1922.85,1931.1,0,0
2005-01-17 00:00:00+05:30,1931.75,1944.55,1902.45,1932.9,0,0
2005-01-18 00:00:00+05:30,1933.05,1956.95,1925.35,1934.05,0,0
2005-01-19 00:00:00+05:30,1934.1,1945.65,1922.35,1926.65,0,0
2005-01-20 00:00:00+05:30,1928.1,1940.95,1900.05,1925.3,0,0
2005-01-24 00:00:00+05:30,1925.3,1932.75,1902.9,1909.0,0,0
2005-01-25 00:00:00+05:30,1908.85,1934.25,1894.4,1931.85,0,0
2005-01-27 00:00:00+05:30,1931.9,1961.75,1929.0,1955.0,0,0
2005-01-28 00:00:00+05:30,1955.25,2014.25,1950.85,2008.3,0,0
2005-01-31 00:00:00+05:30,2008.45,2060.4,2006.35,2057.6,0,0
2005-02-01 00:00:00+05:30,2057.75,2072.5,2045.25,2059.85,0,0
2005-02-02 00:00:00+05:30,2062.15,2074.5,2045.5,2052.25,0,0
2005-02-03 00:00:00+05:30,2052.35,2083.75,2052.35,2079.44,0,0
2005-02-04 00:00:00+05:30,2079.4,2099.19,2060.8,2077.94,0,0
2005-02-07 00:00:00+05:30,2097.44,2098.0,2049.85,2055.1,0,0
2005-02-08 00:00:00+05:30,2055.0,2065.0,2043.6,2055.15,0,0
2005-02-09 00:00:00+05:30,2055.19,2077.69,2055.19,2070.0,0,0
2005-02-10 00:00:00+05:30,2070.1,2075.1,2049.85,2063.35,0,0
2005-02-11 00:00:00+05:30,2063.35,2084.5,2063.35,2082.05,0,0
2005-02-14 00:00:00+05:30,2083.05,2110.15,2083.05,2098.25,0,0
2005-02-15 00:00:00+05:30,2098.25,2101.6,2081.19,2089.94,0,0
2005-02-16 00:00:00+05:30,2090.0,2103.4,2059.44,2068.8,0,0
2005-02-17 00:00:00+05:30,2069.1,2069.15,2045.85,2061.9,0,0
2005-02-18 00:00:00+05:30,2062.44,2076.69,2048.85,2055.55,0,0
2005-02-21 00:00:00+05:30,2055.15,2065.75,2039.9,2043.2,0,0
2005-02-22 00:00:00+05:30,2043.4,2061.65,2036.6,2058.4,0,0
2005-02-23 00:00:00+05:30,2058.69,2065.15,2051.35,2057.1,0,0
2005-02-24 00:00:00+05:30,2057.75,2070.5,2052.4,2055.3,0,0
2005-02-25 00:00:00+05:30,2057.3,2081.85,2051.19,2060.9,0,0
2005-02-28 00:00:00+05:30,2061.19,2106.19,2047.7,2103.25,0,0
2005-03-01 00:00:00+05:30,2103.1,2115.1,2073.8,2084.4,0,0
2005-03-02 00:00:00+05:30,2084.6,2096.35,2080.55,2093.25,0,0
2005-03-03 00:00:00+05:30,2093.4,2132.75,2093.35,2128.85,0,0
2005-03-04 00:00:00+05:30,2129.1,2152.75,2129.1,2148.15,0,0
2005-03-07 00:00:00+05:30,2148.25,2166.85,2143.05,2160.1,0,0
2005-03-08 00:00:00+05:30,2160.65,2173.85,2154.0,2168.94,0,0
2005-03-09 00:00:00+05:30,2169.1,2183.44,2141.35,2160.8,0,0
2005-03-10 00:00:00+05:30,2160.85,2170.19,2145.75,2167.4,0,0
2005-03-11 00:00:00+05:30,2167.69,2182.1,2148.69,2154.0,0,0
2005-03-14 00:00:00+05:30,2153.8,2164.15,2140.9,2146.35,0,0
2005-03-15 00:00:00+05:30,2146.55,2151.35,2122.0,2128.94,0,0
2005-03-16 00:00:00+05:30,2129.35,2158.9,2121.1,2125.55,0,0
2005-03-17 00:00:00+05:30,2123.94,2126.55,2090.44,2098.5,0,0
2005-03-18 00:00:00+05:30,2097.75,2112.25,2077.19,2109.15,0,0
2005-03-21 00:00:00+05:30,2117.94,2124.8,2089.35,2096.6,0,0
2005-03-22 00:00:00+05:30,2096.75,2099.0,2056.5,2061.6,0,0
2005-03-23 00:00:00+05:30,2061.19,2067.44,2019.85,2026.4,0,0
2005-03-24 00:00:00+05:30,2026.6,2042.45,2007.35,2015.4,0,0
2005-03-28 00:00:00+05:30,2015.75,2046.85,2015.25,2029.45,0,0
2005-03-29 00:00:00+05:30,2029.4,2032.65,1971.55,1983.85,0,0
2005-03-30 00:00:00+05:30,1983.65,2000.45,1971.15,1993.7,0,0
2005-03-31 00:00:00+05:30,1994.5,2043.6,1994.5,2035.65,0,0
2005-04-01 00:00:00+05:30,2035.9,2071.19,2024.25,2067.6,0,0
2005-04-04 00:00:00+05:30,2067.65,2076.6,2054.9,2063.4,0,0
2005-04-05 00:00:00+05:30,2063.19,2077.94,2043.7,2052.5,0,0
2005-04-06 00:00:00+05:30,2054.0,2073.1,2051.3,2069.3,0,0
2005-04-07 00:00:00+05:30,2069.15,2084.9,2048.05,2052.8,0,0
2005-04-08 00:00:00+05:30,2053.05,2057.5,2024.8,2031.2,0,0
2005-04-11 00:00:00+05:30,2032.75,2033.0,2001.85,2008.2,0,0
2005-04-12 00:00:00+05:30,2002.75,2027.8,2002.75,2024.9,0,0
2005-04-13 00:00:00+05:30,2024.9,2038.85,2018.1,2025.4,0,0
2005-04-15 00:00:00+05:30,2022.5,2022.5,1952.75,1956.3,0,0
2005-04-18 00:00:00+05:30,1955.5,1959.25,1914.85,1927.8,0,0
2005-04-19 00:00:00+05:30,1927.9,1961.15,1902.8,1909.4,0,0
2005-04-20 00:00:00+05:30,1908.5,1941.85,1902.9,1929.7,0,0
2005-04-21 00:00:00+05:30,1930.5,1950.0,1911.4,1948.5,0,0
2005-04-22 00:00:00+05:30,1950.6,1972.95,1950.0,1967.3,0,0
2005-04-25 00:00:00+05:30,1968.45,1974.2,1952.4,1970.9,0,0
2005-04-26 00:00:00+05:30,1971.05,1972.85,1951.8,1957.1,0,0
2005-04-27 00:00:00+05:30,1959.45,1962.2,1930.35,1935.4,0,0
2005-04-28 00:00:00+05:30,1935.65,1950.25,1921.05,1941.3,0,0
2005-04-29 00:00:00+05:30,1943.2,1943.2,1896.3,1902.5,0,0
2005-05-02 00:00:00+05:30,1903.1,1925.6,1898.15,1916.7,0,0
2005-05-03 00:00:00+05:30,1916.95,1940.1,1911.0,1920.7,0,0
2005-05-04 00:00:00+05:30,1920.5,1944.45,1920.15,1942.6,0,0
2005-05-05 00:00:00+05:30,1942.6,1973.35,1942.05,1963.3,0,0
2005-05-06 00:00:00+05:30,1962.3,1984.4,1947.3,1977.5,0,0
2005-05-09 00:00:00+05:30,1978.05,2003.15,1978.05,2000.7,0,0
2005-05-10 00:00:00+05:30,2001.0,2007.8,1989.1,1994.3,0,0
2005-05-11 00:00:00+05:30,1990.55,1991.85,1975.05,1985.9,0,0
2005-05-12 00:00:00+05:30,1985.95,1999.85,1981.95,1993.1,0,0
2005-05-13 00:00:00+05:30,1992.5,1992.75,1978.9,1988.3,0,0
2005-05-16 00:00:00+05:30,1991.5,2014.95,1989.7,2012.6,0,0
2005-05-17 00:00:00+05:30,2013.1,2024.6,1984.75,1990.8,0,0
2005-05-18 00:00:00+05:30,1990.65,1990.95,1964.65,1982.7,0,0
2005-05-19 00:00:00+05:30,1983.15,2008.35,1983.15,1990.8,0,0
2005-05-20 00:00:00+05:30,1991.85,1998.2,1975.95,1992.4,0,0
2005-05-23 00:00:00+05:30,1992.1,2019.35,1991.7,2013.9,0,0
2005-05-24 00:00:00+05:30,2016.0,2031.9,2009.55,2028.6,0,0
2005-05-25 00:00:00+05:30,2028.55,2047.45,2019.0,2043.8,0,0
2005-05-26 00:00:00+05:30,2043.5,2078.65,2025.65,2074.69,0,0
2005-05-27 00:00:00+05:30,2073.25,2099.35,2069.5,2076.4,0,0
2005-05-30 00:00:00+05:30,2076.55,2086.85,2064.85,2072.4,0,0
2005-05-31 00:00:00+05:30,2072.5,2091.75,2066.55,2087.5,0,0
2005-06-01 00:00:00+05:30,2087.8,2097.6,2081.19,2087.5,0,0
2005-06-02 00:00:00+05:30,2087.85,2093.44,2062.55,2064.6,0,0
2005-06-03 00:00:00+05:30,2064.1,2097.25,2061.35,2094.19,0,0
2005-06-04 00:00:00+05:30,2094.1,2098.1,2087.0,2092.3,0,0
2005-06-06 00:00:00+05:30,2092.0,2109.1,2087.4,2092.8,0,0
2005-06-07 00:00:00+05:30,2091.94,2102.85,2084.35,2098.1,0,0
2005-06-08 00:00:00+05:30,2094.69,2115.25,2094.05,2112.4,0,0
2005-06-09 00:00:00+05:30,2112.25,2118.65,2097.55,2103.19,0,0
2005-06-10 00:00:00+05:30,2103.44,2133.1,2086.3,2090.6,0,0
2005-06-13 00:00:00+05:30,2090.69,2106.65,2081.69,2102.69,0,0
2005-06-14 00:00:00+05:30,2103.65,2113.85,2098.69,2112.3,0,0
2005-06-15 00:00:00+05:30,2110.5,2131.94,2110.35,2128.6,0,0
2005-06-16 00:00:00+05:30,2128.3,2135.1,2114.55,2123.69,0,0
2005-06-17 00:00:00+05:30,2123.6,2131.75,2103.9,2123.4,0,0
2005-06-20 00:00:00+05:30,2130.8,2150.25,2124.65,2144.3,0,0
2005-06-21 00:00:00+05:30,2144.75,2173.25,2140.15,2170.0,0,0
2005-06-22 00:00:00+05:30,2167.8,2196.44,2167.35,2187.3,0,0
2005-06-23 00:00:00+05:30,2187.35,2192.1,2174.05,2183.8,0,0
2005-06-24 00:00:00+05:30,2184.0,2204.44,2162.94,2194.3,0,0
2005-06-27 00:00:00+05:30,2194.35,2219.65,2188.15,2199.8,0,0
2005-06-28 00:00:00+05:30,2199.8,2206.8,2165.9,2169.8,0,0
2005-06-29 00:00:00+05:30,2170.19,2194.25,2162.0,2191.6,0,0
2005-06-30 00:00:00+05:30,2191.55,2226.15,2189.44,2220.6,0,0
2005-07-01 00:00:00+05:30,2220.44,2220.55,2198.9,2211.9,0,0
2005-07-04 00:00:00+05:30,2212.05,2232.19,2211.4,2230.6,0,0
2005-07-05 00:00:00+05:30,2231.19,2238.6,2205.1,2210.69,0,0
2005-07-06 00:00:00+05:30,2211.35,2232.65,2211.3,2228.19,0,0
2005-07-07 00:00:00+05:30,2228.3,2235.8,2171.25,2179.4,0,0
2005-07-08 00:00:00+05:30,2183.55,2210.69,2179.05,2196.19,0,0
2005-07-11 00:00:00+05:30,2195.55,2224.65,2195.55,2218.8,0,0
2005-07-12 00:00:00+05:30,2219.1,2233.19,2191.69,2220.8,0,0
2005-07-13 00:00:00+05:30,2221.44,2234.15,2200.05,2204.0,0,0
2005-07-14 00:00:00+05:30,2204.4,2212.55,2178.6,2185.1,0,0
2005-07-15 00:00:00+05:30,2185.1,2216.5,2181.85,2212.5,0,0
2005-07-18 00:00:00+05:30,2212.94,2248.69,2212.94,2234.0,0,0
2005-07-19 00:00:00+05:30,2234.25,2246.69,2227.19,2237.3,0,0
2005-07-20 00:00:00+05:30,2236.9,2252.0,2236.9,2241.9,0,0
2005-07-21 00:00:00+05:30,2240.94,2251.85,2221.19,2230.5,0,0
2005-07-22 00:00:00+05:30,2231.0,2268.55,2223.15,2265.6,0,0
2005-07-25 00:00:00+05:30,2266.65,2293.94,2266.65,2291.69,0,0
2005-07-26 00:00:00+05:30,2289.25,2307.1,2279.8,2303.1,0,0
2005-07-27 00:00:00+05:30,2304.25,2324.0,2292.85,2319.1,0,0
2005-07-29 00:00:00+05:30,2318.05,2332.55,2280.85,2312.3,0,0
2005-08-01 00:00:00+05:30,2312.05,2329.9,2294.25,2318.0,0,0
2005-08-02 00:00:00+05:30,2321.9,2357.15,2319.75,2353.6,0,0
2005-08-03 00:00:00+05:30,2359.1,2377.0,2345.19,2357.0,0,0
2005-08-04 00:00:00+05:30,2357.75,2377.35,2352.05,2367.8,0,0
2005-08-05 00:00:00+05:30,2367.35,2377.1,2355.94,2361.19,0,0
2005-08-08 00:00:00+05:30,2361.94,2386.94,2320.05,2324.4,0,0
2005-08-09 00:00:00+05:30,2324.75,2342.19,2303.1,2318.69,0,0
2005-08-10 00:00:00+05:30,2322.3,2364.8,2322.05,2360.1,0,0
2005-08-11 00:00:00+05:30,2358.9,2387.3,2355.5,2380.9,0,0
2005-08-12 00:00:00+05:30,2381.05,2390.44,2356.9,2361.5,0,0
2005-08-16 00:00:00+05:30,2361.65,2379.4,2356.85,2369.8,0,0
2005-08-17 00:00:00+05:30,2369.8,2406.25,2357.5,2403.1,0,0
2005-08-18 00:00:00+05:30,2404.65,2426.65,2380.69,2388.4,0,0
2005-08-19 00:00:00+05:30,2400.8,2409.35,2378.44,2383.4,0,0
2005-08-22 00:00:00+05:30,2383.44,2403.44,2355.75,2367.8,0,0
2005-08-23 00:00:00+05:30,2369.55,2380.5,2320.35,2326.1,0,0
2005-08-24 00:00:00+05:30,2326.1,2334.9,2300.44,2322.5,0,0
2005-08-25 00:00:00+05:30,2323.1,2359.19,2320.69,2354.5,0,0
2005-08-26 00:00:00+05:30,2354.6,2368.05,2340.19,2357.0,0,0
2005-08-29 00:00:00+05:30,2359.19,2365.85,2312.6,2337.6,0,0
2005-08-30 00:00:00+05:30,2337.8,2373.8,2337.75,2367.69,0,0
2005-08-31 00:00:00+05:30,2369.05,2387.0,2355.0,2384.6,0,0
2005-09-01 00:00:00+05:30,2384.69,2412.35,2382.9,2405.69,0,0
2005-09-02 00:00:00+05:30,2406.44,2422.1,2396.1,2415.8,0,0
2005-09-05 00:00:00+05:30,2417.1,2439.55,2414.94,2422.9,0,0
2005-09-06 00:00:00+05:30,2422.4,2436.25,2417.0,2428.6,0,0
2005-09-08 00:00:00+05:30,2429.0,2456.9,2429.0,2454.4,0,0
2005-09-09 00:00:00+05:30,2448.8,2462.8,2441.9,2455.4,0,0
2005-09-12 00:00:00+05:30,2455.85,2486.35,2455.85,2484.1,0,0
2005-09-13 00:00:00+05:30,2484.0,2503.0,2477.1,2500.3,0,0
2005-09-14 00:00:00+05:30,2500.4,2514.75,2476.0,2492.4,0,0
2005-09-15 00:00:00+05:30,2492.85,2527.5,2492.75,2523.9,0,0
2005-09-16 00:00:00+05:30,2524.9,2555.1,2519.05,2552.3,0,0
2005-09-19 00:00:00+05:30,2555.44,2579.69,2550.44,2567.1,0,0
2005-09-20 00:00:00+05:30,2567.19,2582.8,2546.6,2578.0,0,0
2005-09-21 00:00:00+05:30,2576.69,2585.6,2504.9,2567.3,0,0
2005-09-22 00:00:00+05:30,2567.85,2580.4,2465.85,2476.5,0,0
2005-09-23 00:00:00+05:30,2480.5,2507.9,2453.05,2477.69,0,0
2005-09-26 00:00:00+05:30,2477.85,2560.85,2477.85,2557.3,0,0
2005-09-27 00:00:00+05:30,2558.5,2592.5,2549.85,2574.8,0,0
2005-09-28 00:00:00+05:30,2574.44,2602.94,2559.85,2598.0,0,0
2005-09-29 00:00:00+05:30,2598.6,2633.9,2589.44,2611.19,0,0
2005-09-30 00:00:00+05:30,2607.9,2623.05,2567.75,2601.4,0,0
2005-10-03 00:00:00+05:30,2601.0,2635.0,2597.19,2630.0,0,0
2005-10-04 00:00:00+05:30,2630.0,2667.05,2629.6,2663.3,0,0
2005-10-05 00:00:00+05:30,2663.7,2669.2,2636.6,2644.4,0,0
2005-10-06 00:00:00+05:30,2643.8,2643.8,2571.3,2579.1,0,0
2005-10-07 00:00:00+05:30,2577.19,2603.25,2547.55,2574.0,0,0
2005-10-10 00:00:00+05:30,2577.1,2595.15,2561.0,2566.8,0,0
2005-10-11 00:00:00+05:30,2569.15,2592.0,2533.69,2589.5,0,0
2005-10-13 00:00:00+05:30,2584.4,2589.35,2529.05,2537.3,0,0
2005-10-14 00:00:00+05:30,2537.69,2548.0,2478.0,2484.4,0,0
2005-10-17 00:00:00+05:30,2488.4,2498.6,2459.5,2485.1,0,0
2005-10-18 00:00:00+05:30,2485.25,2517.69,2452.5,2468.19,0,0
2005-10-19 00:00:00+05:30,2467.8,2467.85,2394.94,2412.4,0,0
2005-10-20 00:00:00+05:30,2421.4,2463.85,2363.55,2395.4,0,0
2005-10-21 00:00:00+05:30,2397.85,2447.85,2384.05,2443.69,0,0
2005-10-24 00:00:00+05:30,2444.19,2460.0,2388.4,2394.8,0,0
2005-10-25 00:00:00+05:30,2394.94,2444.6,2390.85,2418.19,0,0
2005-10-26 00:00:00+05:30,2418.44,2434.0,2401.1,2408.5,0,0
2005-10-27 00:00:00+05:30,2408.94,2416.44,2338.6,2352.9,0,0
2005-10-28 00:00:00+05:30,2352.65,2355.15,2307.44,2316.05,0,0
2005-10-31 00:00:00+05:30,2314.85,2373.4,2314.19,2370.9,0,0
2005-11-01 00:00:00+05:30,2366.8,2410.15,2366.8,2386.69,0,0
2005-11-02 00:00:00+05:30,2386.44,2423.8,2367.75,2419.0,0,0
2005-11-07 00:00:00+05:30,2419.25,2464.65,2411.6,2461.6,0,0
2005-11-08 00:00:00+05:30,2463.65,2502.9,2460.0,2492.6,0,0
2005-11-09 00:00:00+05:30,2493.1,2519.4,2475.69,2489.1,0,0
2005-11-10 00:00:00+05:30,2489.1,2504.75,2480.85,2500.69,0,0
2005-11-11 00:00:00+05:30,2500.85,2551.4,2500.85,2548.6,0,0
2005-11-14 00:00:00+05:30,2548.55,2576.94,2534.4,2558.69,0,0
2005-11-16 00:00:00+05:30,2559.44,2585.94,2559.44,2582.69,0,0
2005-11-17 00:00:00+05:30,2558.44,2608.85,2558.44,2603.9,0,0
2005-11-18 00:00:00+05:30,2604.0,2632.35,2595.15,2620.0,0,0
2005-11-21 00:00:00+05:30,2620.1,2626.4,2591.75,2602.5,0,0
2005-11-22 00:00:00+05:30,2603.25,2614.0,2567.05,2572.8,0,0
2005-11-23 00:00:00+05:30,2572.85,2613.4,2563.1,2608.6,0,0
2005-11-24 00:00:00+05:30,2608.9,2643.7,2608.69,2635.0,0,0
2005-11-25 00:00:00+05:30,2635.35,2668.9,2633.75,2664.3,0,0
2005-11-26 00:00:00+05:30,2664.85,2686.5,2664.7,2683.4,0,0
2005-11-28 00:00:00+05:30,2683.6,2717.15,2682.65,2712.0,0,0
2005-11-29 00:00:00+05:30,2712.35,2713.9,2679.9,2698.3,0,0
2005-11-30 00:00:00+05:30,2698.1,2727.05,2647.1,2652.2,0,0
2005-12-01 00:00:00+05:30,2651.6,2705.0,2641.95,2698.9,0,0
2005-12-02 00:00:00+05:30,2699.55,2730.7,2691.5,2697.9,0,0
2005-12-05 00:00:00+05:30,2697.6,2710.65,2654.35,2660.5,0,0
2005-12-06 00:00:00+05:30,2661.4,2694.4,2647.35,2662.3,0,0
2005-12-07 00:00:00+05:30,2662.3,2697.1,2662.3,2693.0,0,0
2005-12-08 00:00:00+05:30,2694.95,2711.6,2673.5,2706.7,0,0
2005-12-09 00:00:00+05:30,2706.75,2761.1,2698.0,2756.4,0,0
2005-12-12 00:00:00+05:30,2756.4,2789.35,2756.4,2776.2,0,0
2005-12-13 00:00:00+05:30,2776.8,2815.3,2764.65,2812.3,0,0
2005-12-14 00:00:00+05:30,2812.8,2825.65,2788.3,2804.5,0,0
2005-12-15 00:00:00+05:30,2805.2,2821.5,2763.35,2778.5,0,0
2005-12-16 00:00:00+05:30,2778.65,2814.9,2766.5,2810.1,0,0
2005-12-19 00:00:00+05:30,2808.35,2846.0,2803.45,2842.6,0,0
2005-12-20 00:00:00+05:30,2843.15,2853.1,2815.2,2826.2,0,0
2005-12-21 00:00:00+05:30,2826.45,2847.3,2799.45,2822.9,0,0
2005-12-22 00:00:00+05:30,2826.7,2846.65,2818.65,2835.2,0,0
2005-12-23 00:00:00+05:30,2835.7,2857.0,2799.7,2804.8,0,0
2005-12-26 00:00:00+05:30,2804.3,2804.3,2741.8,2749.6,0,0
2005-12-27 00:00:00+05:30,2746.25,2812.6,2725.7,2805.9,0,0
2005-12-28 00:00:00+05:30,2806.8,2824.3,2780.0,2794.0,0,0
2005-12-29 00:00:00+05:30,2792.75,2829.4,2792.75,2821.9,0,0
2005-12-30 00:00:00+05:30,2823.95,2845.55,2812.75,2836.5,0,0
2006-01-02 00:00:00+05:30,2836.8,2849.45,2825.4,2835.95,0,0
2006-01-03 00:00:00+05:30,2835.95,2887.2,2832.05,2883.35,0,0
2006-01-04 00:00:00+05:30,2883.0,2909.35,2883.0,2904.4,0,0
2006-01-05 00:00:00+05:30,2904.45,2916.2,2884.8,2899.85,0,0
2006-01-06 00:00:00+05:30,2899.85,2921.7,2877.25,2914.0,0,0
2006-01-09 00:00:00+05:30,2913.35,2927.25,2898.25,2910.1,0,0
2006-01-10 00:00:00+05:30,2910.15,2913.05,2865.6,2870.8,0,0
2006-01-12 00:00:00+05:30,2869.35,2869.35,2824.0,2850.7,0,0
2006-01-13 00:00:00+05:30,2851.4,2878.35,2846.7,2850.55,0,0
2006-01-16 00:00:00+05:30,2851.35,2855.7,2824.05,2833.1,0,0
2006-01-17 00:00:00+05:30,2833.8,2861.25,2820.65,2829.1,0,0
2006-01-18 00:00:00+05:30,2809.9,2840.1,2783.85,2809.2,0,0
2006-01-19 00:00:00+05:30,2811.1,2875.95,2811.1,2870.85,0,0
2006-01-20 00:00:00+05:30,2870.8,2912.8,2870.8,2900.95,0,0
2006-01-23 00:00:00+05:30,2900.3,2900.3,2870.95,2884.05,0,0
2006-01-24 00:00:00+05:30,2886.35,2914.25,2885.75,2908.0,0,0
2006-01-25 00:00:00+05:30,2908.75,2949.1,2871.25,2940.35,0,0
2006-01-27 00:00:00+05:30,2941.9,2989.7,2941.9,2982.75,0,0
2006-01-30 00:00:00+05:30,2983.3,3002.2,2963.65,2974.5,0,0
2006-01-31 00:00:00+05:30,2968.95,3005.1,2968.85,3001.1,0,0
2006-02-01 00:00:00+05:30,3001.3,3011.05,2960.9,2971.55,0,0
2006-02-02 00:00:00+05:30,2972.2,2997.25,2957.55,2967.45,0,0
2006-02-03 00:00:00+05:30,2968.1,2973.9,2931.85,2940.6,0,0
2006-02-06 00:00:00+05:30,2940.95,3009.45,2928.1,3000.45,0,0
2006-02-07 00:00:00+05:30,3001.15,3025.1,2991.25,3020.1,0,0
2006-02-08 00:00:00+05:30,3018.2,3021.25,2984.9,3008.95,0,0
2006-02-10 00:00:00+05:30,3009.15,3031.75,3009.1,3027.55,0,0
2006-02-13 00:00:00+05:30,3026.15,3042.75,3018.5,3041.15,0,0
2006-02-14 00:00:00+05:30,3040.25,3051.7,3009.9,3017.55,0,0
2006-02-15 00:00:00+05:30,3001.4,3048.8,2995.3,3022.2,0,0
2006-02-16 00:00:00+05:30,3023.1,3036.65,3013.7,3021.6,0,0
2006-02-17 00:00:00+05:30,3021.65,3038.8,2976.7,2981.5,0,0
2006-02-20 00:00:00+05:30,2982.35,3010.65,2955.85,3005.85,0,0
2006-02-21 00:00:00+05:30,3008.55,3042.05,3008.55,3035.5,0,0
2006-02-22 00:00:00+05:30,3035.65,3055.65,3032.5,3050.8,0,0
2006-02-23 00:00:00+05:30,3050.85,3078.4,3050.85,3062.1,0,0
2006-02-24 00:00:00+05:30,3061.7,3072.0,3041.6,3050.05,0,0
2006-02-27 00:00:00+05:30,3050.3,3070.35,3050.3,3067.45,0,0
2006-02-28 00:00:00+05:30,3067.9,3090.3,3031.8,3074.7,0,0
2006-03-01 00:00:00+05:30,3074.6,3127.25,3064.0,3123.1,0,0
2006-03-02 00:00:00+05:30,3124.25,3170.35,3124.25,3150.7,0,0
2006-03-03 00:00:00+05:30,3151.3,3167.2,3132.6,3147.35,0,0
2006-03-06 00:00:00+05:30,3147.25,3194.0,3147.2,3190.4,0,0
2006-03-07 00:00:00+05:30,3190.45,3192.95,3166.75,3182.8,0,0
2006-03-08 00:00:00+05:30,3183.45,3187.5,3107.9,3116.7,0,0
2006-03-09 00:00:00+05:30,3116.75,3132.65,3069.85,3129.1,0,0
2006-03-10 00:00:00+05:30,3129.05,3189.35,3128.6,3183.9,0,0
2006-03-13 00:00:00+05:30,3184.1,3221.3,3174.05,3202.65,0,0
2006-03-14 00:00:00+05:30,3197.2,3223.45,3184.05,3195.35,0,0
2006-03-16 00:00:00+05:30,3197.3,3230.4,3196.95,3226.6,0,0
2006-03-17 00:00:00+05:30,3226.9,3258.3,3226.9,3234.05,0,0
2006-03-20 00:00:00+05:30,3234.2,3268.25,3234.2,3265.65,0,0
2006-03-21 00:00:00+05:30,3264.65,3292.15,3247.25,3262.3,0,0
2006-03-22 00:00:00+05:30,3263.35,3267.95,3221.95,3240.15,0,0
2006-03-23 00:00:00+05:30,3240.85,3265.6,3225.2,3247.15,0,0
2006-03-24 00:00:00+05:30,3247.15,3286.2,3242.6,3279.8,0,0
2006-03-27 00:00:00+05:30,3283.4,3327.05,3280.8,3321.65,0,0
2006-03-28 00:00:00+05:30,3321.45,3344.5,3311.85,3325.0,0,0
2006-03-29 00:00:00+05:30,3324.85,3359.8,3324.8,3354.2,0,0
2006-03-30 00:00:00+05:30,3354.25,3433.85,3354.25,3418.95,0,0
2006-03-31 00:00:00+05:30,3420.55,3425.45,3381.9,3402.55,0,0
2006-04-03 00:00:00+05:30,3403.15,3478.25,3402.45,3473.3,0,0
2006-04-04 00:00:00+05:30,3473.1,3508.25,3463.85,3483.15,0,0
2006-04-05 00:00:00+05:30,3483.15,3513.95,3483.15,3510.9,0,0
2006-04-07 00:00:00+05:30,3525.6,3555.5,3445.9,3454.8,0,0
2006-04-10 00:00:00+05:30,3455.0,3489.05,3430.4,3478.45,0,0
2006-04-12 00:00:00+05:30,3479.1,3484.65,3366.75,3380.0,0,0
2006-04-13 00:00:00+05:30,3380.4,3391.05,3290.35,3345.5,0,0
2006-04-17 00:00:00+05:30,3342.15,3433.65,3342.15,3425.15,0,0
2006-04-18 00:00:00+05:30,3429.0,3521.95,3429.0,3518.1,0,0
2006-04-19 00:00:00+05:30,3523.65,3570.5,3502.75,3535.85,0,0
2006-04-20 00:00:00+05:30,3539.8,3578.35,3527.25,3573.5,0,0
2006-04-21 00:00:00+05:30,3576.75,3592.75,3517.1,3573.05,0,0
2006-04-24 00:00:00+05:30,3572.8,3585.35,3536.3,3548.9,0,0
2006-04-25 00:00:00+05:30,3548.8,3552.65,3433.55,3462.65,0,0
2006-04-26 00:00:00+05:30,3462.65,3562.3,3454.1,3555.75,0,0
2006-04-27 00:00:00+05:30,3554.7,3598.95,3492.75,3508.1,0,0
2006-04-28 00:00:00+05:30,3507.45,3517.65,3342.85,3508.35,0,0
2006-04-29 00:00:00+05:30,3508.35,3565.75,3508.35,3557.6,0,0
2006-05-02 00:00:00+05:30,3557.55,3622.05,3556.9,3605.45,0,0
2006-05-03 00:00:00+05:30,3604.4,3640.8,3581.4,3634.25,0,0
2006-05-04 00:00:00+05:30,3630.65,3674.5,3621.55,3648.4,0,0
2006-05-05 00:00:00+05:30,3649.45,3676.55,3639.55,3663.95,0,0
2006-05-08 00:00:00+05:30,3668.65,3708.55,3668.65,3693.15,0,0
2006-05-09 00:00:00+05:30,3694.65,3725.4,3655.65,3720.55,0,0
2006-05-10 00:00:00+05:30,3720.75,3758.05,3717.25,3754.25,0,0
2006-05-11 00:00:00+05:30,3755.8,3774.15,3687.9,3701.05,0,0
2006-05-12 00:00:00+05:30,3704.15,3704.15,3633.85,3650.05,0,0
2006-05-15 00:00:00+05:30,3651.0,3653.0,3482.85,3502.95,0,0
2006-05-16 00:00:00+05:30,3502.95,3543.5,3382.4,3523.3,0,0
2006-05-17 00:00:00+05:30,3525.05,3641.85,3525.05,3635.1,0,0
2006-05-18 00:00:00+05:30,3636.45,3636.45,3365.9,3388.9,0,0
2006-05-19 00:00:00+05:30,3391.85,3493.05,3205.25,3246.9,0,0
2006-05-22 00:00:00+05:30,3254.3,3313.9,2896.4,3081.35,0,0
2006-05-23 00:00:00+05:30,3068.6,3221.05,2997.35,3199.35,0,0
2006-05-24 00:00:00+05:30,3203.5,3249.75,3091.6,3115.55,0,0
2006-05-25 00:00:00+05:30,3114.7,3198.35,3012.95,3177.7,0,0
2006-05-26 00:00:00+05:30,3177.7,3277.95,3177.7,3209.6,0,0
2006-05-29 00:00:00+05:30,3207.25,3255.25,3193.15,3214.9,0,0
2006-05-30 00:00:00+05:30,3215.5,3252.1,3167.05,3185.3,0,0
2006-05-31 00:00:00+05:30,3181.95,3181.95,2972.9,3071.05,0,0
2006-06-01 00:00:00+05:30,3072.55,3130.0,2936.6,2962.25,0,0
2006-06-02 00:00:00+05:30,2961.5,3099.35,2940.2,3091.35,0,0
2006-06-05 00:00:00+05:30,3092.6,3125.4,3006.4,3016.65,0,0
2006-06-06 00:00:00+05:30,3015.05,3015.05,2910.3,2937.3,0,0
2006-06-07 00:00:00+05:30,2935.25,2956.9,2819.45,2860.45,0,0
2006-06-08 00:00:00+05:30,2856.9,2859.4,2683.2,2724.35,0,0
2006-06-09 00:00:00+05:30,2721.2,2875.75,2707.85,2866.3,0,0
2006-06-12 00:00:00+05:30,2867.65,2877.8,2761.85,2776.85,0,0
2006-06-13 00:00:00+05:30,2773.6,2773.6,2638.1,2663.3,0,0
2006-06-14 00:00:00+05:30,2665.05,2767.75,2595.65,2632.8,0,0
2006-06-15 00:00:00+05:30,2634.1,2814.15,2634.1,2798.8,0,0
2006-06-16 00:00:00+05:30,2799.85,2960.15,2799.85,2890.35,0,0
2006-06-19 00:00:00+05:30,2892.0,2932.9,2846.5,2916.9,0,0
2006-06-20 00:00:00+05:30,2919.0,2919.0,2837.45,2861.3,0,0
2006-06-21 00:00:00+05:30,2861.4,2930.8,2836.4,2923.45,0,0
2006-06-22 00:00:00+05:30,2923.75,3017.65,2923.75,2994.75,0,0
2006-06-23 00:00:00+05:30,2993.55,3063.2,2920.2,3042.7,0,0
2006-06-25 00:00:00+05:30,3043.15,3083.0,3035.95,3050.3,0,0
2006-06-26 00:00:00+05:30,3051.8,3059.85,2928.0,2943.2,0,0
2006-06-27 00:00:00+05:30,2943.6,3004.15,2899.25,2982.45,0,0
2006-06-28 00:00:00+05:30,2982.2,3003.65,2909.6,2981.1,0,0
2006-06-29 00:00:00+05:30,2982.9,3049.25,2982.9,2997.9,0,0
2006-06-30 00:00:00+05:30,2993.5,3134.15,2993.5,3128.2,0,0
2006-07-03 00:00:00+05:30,3128.75,3160.35,3114.85,3150.95,0,0
2006-07-04 00:00:00+05:30,3151.05,3177.4,3130.3,3138.65,0,0
2006-07-05 00:00:00+05:30,3136.95,3201.2,3121.8,3197.1,0,0
2006-07-06 00:00:00+05:30,3197.5,3197.5,3138.4,3156.4,0,0
2006-07-07 00:00:00+05:30,3157.95,3193.1,3056.3,3075.85,0,0
2006-07-10 00:00:00+05:30,3077.1,3147.7,3064.1,3142.0,0,0
2006-07-11 00:00:00+05:30,3145.3,3146.0,3100.4,3116.15,0,0
2006-07-12 00:00:00+05:30,3124.95,3201.35,3078.25,3195.9,0,0
2006-07-13 00:00:00+05:30,3196.3,3208.85,3148.95,3169.3,0,0
2006-07-14 00:00:00+05:30,3166.25,3166.25,3089.55,3123.35,0,0
2006-07-17 00:00:00+05:30,3123.65,3125.1,2999.35,3007.55,0,0
2006-07-18 00:00:00+05:30,3007.15,3038.25,2967.95,2993.65,0,0
2006-07-19 00:00:00+05:30,2995.85,3045.35,2919.95,2932.75,0,0
2006-07-20 00:00:00+05:30,2943.65,3041.25,2943.65,3023.05,0,0
2006-07-21 00:00:00+05:30,3025.1,3029.1,2930.15,2945.0,0,0
2006-07-24 00:00:00+05:30,2944.9,2996.65,2878.25,2985.85,0,0
2006-07-25 00:00:00+05:30,2989.5,3046.95,2987.15,3040.5,0,0
2006-07-26 00:00:00+05:30,3040.45,3121.4,3022.7,3110.15,0,0
2006-07-27 00:00:00+05:30,3109.85,3167.1,3109.85,3156.15,0,0
2006-07-28 00:00:00+05:30,3158.0,3168.5,3109.45,3130.8,0,0
2006-07-31 00:00:00+05:30,3131.35,3179.7,3110.6,3143.2,0,0
2006-08-01 00:00:00+05:30,3128.2,3154.7,3113.6,3147.8,0,0
2006-08-02 00:00:00+05:30,3129.45,3187.85,3127.9,3182.1,0,0
2006-08-03 00:00:00+05:30,3182.55,3234.25,3175.15,3190.0,0,0
2006-08-04 00:00:00+05:30,3189.7,3228.15,3161.8,3176.75,0,0
2006-08-07 00:00:00+05:30,3176.7,3178.5,3142.55,3151.1,0,0
2006-08-08 00:00:00+05:30,3151.55,3216.75,3151.55,3212.4,0,0
2006-08-09 00:00:00+05:30,3211.55,3267.2,3187.85,3254.6,0,0
2006-08-10 00:00:00+05:30,3254.6,3274.75,3229.45,3260.1,0,0
2006-08-11 00:00:00+05:30,3260.05,3286.5,3236.95,3274.35,0,0
2006-08-14 00:00:00+05:30,3274.95,3317.8,3269.15,3313.1,0,0
2006-08-16 00:00:00+05:30,3314.75,3377.1,3314.75,3356.05,0,0
2006-08-17 00:00:00+05:30,3359.7,3385.15,3328.6,3353.9,0,0
2006-08-18 00:00:00+05:30,3354.5,3366.25,3332.2,3356.75,0,0
2006-08-21 00:00:00+05:30,3356.8,3374.9,3332.9,3366.0,0,0
2006-08-22 00:00:00+05:30,3369.6,3398.35,3351.5,3364.6,0,0
2006-08-23 00:00:00+05:30,3363.6,3369.65,3325.1,3335.8,0,0
2006-08-24 00:00:00+05:30,3336.65,3379.55,3304.85,3370.4,0,0
2006-08-25 00:00:00+05:30,3368.55,3402.7,3368.55,3385.95,0,0
2006-08-28 00:00:00+05:30,3386.0,3405.3,3377.75,3401.1,0,0
2006-08-29 00:00:00+05:30,3405.05,3434.95,3396.1,3425.7,0,0
2006-08-30 00:00:00+05:30,3425.8,3440.2,3407.75,3430.35,0,0
2006-08-31 00:00:00+05:30,3404.5,3452.3,3403.65,3413.9,0,0
2006-09-01 00:00:00+05:30,3414.0,3439.5,3402.9,3435.45,0,0
2006-09-04 00:00:00+05:30,3435.55,3483.1,3435.55,3476.85,0,0
2006-09-05 00:00:00+05:30,3471.4,3488.6,3457.9,3473.75,0,0
2006-09-06 00:00:00+05:30,3474.4,3490.7,3465.8,3477.25,0,0
2006-09-07 00:00:00+05:30,3477.15,3478.85,3438.8,3454.55,0,0
2006-09-08 00:00:00+05:30,3454.65,3477.95,3442.85,3471.45,0,0
2006-09-11 00:00:00+05:30,3470.35,3486.65,3351.3,3366.15,0,0
2006-09-12 00:00:00+05:30,3363.3,3395.05,3328.45,3389.9,0,0
2006-09-13 00:00:00+05:30,3389.85,3470.65,3389.8,3454.55,0,0
2006-09-14 00:00:00+05:30,3454.6,3484.0,3454.6,3471.6,0,0
2006-09-15 00:00:00+05:30,3471.65,3487.45,3434.55,3478.6,0,0
2006-09-18 00:00:00+05:30,3478.65,3506.2,3478.4,3492.75,0,0
2006-09-19 00:00:00+05:30,3493.5,3514.95,3438.8,3457.35,0,0
2006-09-20 00:00:00+05:30,3457.85,3509.85,3419.75,3502.8,0,0
2006-09-21 00:00:00+05:30,3506.7,3556.35,3506.7,3553.05,0,0
2006-09-22 00:00:00+05:30,3554.05,3562.45,3525.4,3544.05,0,0
2006-09-25 00:00:00+05:30,3545.1,3568.65,3514.85,3523.45,0,0
2006-09-26 00:00:00+05:30,3523.7,3576.75,3517.15,3571.75,0,0
2006-09-27 00:00:00+05:30,3571.75,3603.7,3568.4,3579.3,0,0
2006-09-28 00:00:00+05:30,3579.95,3589.3,3560.75,3571.75,0,0
2006-09-29 00:00:00+05:30,3572.15,3599.8,3564.7,3588.4,0,0
2006-10-03 00:00:00+05:30,3588.95,3606.2,3561.7,3569.6,0,0
2006-10-04 00:00:00+05:30,3570.95,3580.05,3508.65,3515.35,0,0
2006-10-05 00:00:00+05:30,3515.6,3574.95,3515.6,3564.9,0,0
2006-10-06 00:00:00+05:30,3565.45,3583.75,3560.9,3569.7,0,0
2006-10-09 00:00:00+05:30,3570.05,3585.35,3540.45,3567.15,0,0
2006-10-10 00:00:00+05:30,3567.45,3597.2,3563.1,3571.05,0,0
2006-10-11 00:00:00+05:30,3581.55,3614.5,3544.25,3558.55,0,0
2006-10-12 00:00:00+05:30,3562.55,3626.8,3545.95,3621.05,0,0
2006-10-13 00:00:00+05:30,3621.65,3682.35,3621.65,3676.05,0,0
2006-10-16 00:00:00+05:30,3668.9,3729.7,3668.9,3723.95,0,0
2006-10-17 00:00:00+05:30,3726.4,3742.5,3691.35,3715.0,0,0
2006-10-18 00:00:00+05:30,3715.2,3727.0,3701.3,3710.65,0,0
2006-10-19 00:00:00+05:30,3711.1,3726.95,3655.05,3677.8,0,0
2006-10-20 00:00:00+05:30,3678.75,3714.25,3665.5,3676.85,0,0
2006-10-21 00:00:00+05:30,3680.85,3708.4,3662.85,3683.5,0,0
2006-10-23 00:00:00+05:30,3683.4,3690.85,3651.2,3657.3,0,0
2006-10-26 00:00:00+05:30,3656.2,3686.85,3651.2,3677.55,0,0
2006-10-27 00:00:00+05:30,3676.85,3747.35,3674.8,3739.35,0,0
2006-10-30 00:00:00+05:30,3739.35,3776.05,3719.45,3769.1,0,0
2006-10-31 00:00:00+05:30,3770.5,3782.85,3726.75,3744.1,0,0
2006-11-01 00:00:00+05:30,3744.1,3777.7,3737.0,3767.05,0,0
2006-11-02 00:00:00+05:30,3769.4,3805.5,3761.9,3791.2,0,0
2006-11-03 00:00:00+05:30,3793.05,3809.65,3771.0,3805.35,0,0
2006-11-06 00:00:00+05:30,3804.75,3822.4,3798.25,3809.2,0,0
2006-11-07 00:00:00+05:30,3812.15,3840.45,3789.4,3798.75,0,0
2006-11-08 00:00:00+05:30,3799.2,3809.95,3737.2,3777.3,0,0
2006-11-09 00:00:00+05:30,3777.8,3808.2,3769.8,3796.4,0,0
2006-11-10 00:00:00+05:30,3796.05,3842.4,3785.4,3834.75,0,0
2006-11-13 00:00:00+05:30,3834.8,3862.05,3834.0,3858.75,0,0
2006-11-14 00:00:00+05:30,3862.0,3883.0,3850.75,3865.9,0,0
2006-11-15 00:00:00+05:30,3865.95,3888.8,3838.25,3876.3,0,0
2006-11-16 00:00:00+05:30,3876.4,3900.4,3863.85,3876.85,0,0
2006-11-17 00:00:00+05:30,3877.0,3891.85,3835.7,3852.8,0,0
2006-11-20 00:00:00+05:30,3852.65,3866.95,3794.3,3856.15,0,0
2006-11-21 00:00:00+05:30,3859.5,3921.7,3856.75,3918.25,0,0
2006-11-22 00:00:00+05:30,3918.3,3960.0,3909.6,3954.75,0,0
2006-11-23 00:00:00+05:30,3955.3,3976.8,3933.7,3945.45,0,0
2006-11-24 00:00:00+05:30,3945.45,3965.8,3935.3,3950.85,0,0
2006-11-27 00:00:00+05:30,3974.95,3974.95,3948.85,3968.9,0,0
2006-11-28 00:00:00+05:30,3966.0,3966.0,3911.55,3921.75,0,0
2006-11-29 00:00:00+05:30,3922.5,3952.4,3920.0,3928.2,0,0
2006-11-30 00:00:00+05:30,3929.4,3973.0,3929.4,3954.5,0,0
2006-12-01 00:00:00+05:30,3955.7,4001.3,3953.95,3997.6,0,0
2006-12-04 00:00:00+05:30,4002.4,4015.25,3991.55,4001.0,0,0
2006-12-05 00:00:00+05:30,4001.25,4033.2,4001.25,4015.75,0,0
2006-12-06 00:00:00+05:30,4016.0,4036.2,3982.5,4015.95,0,0
2006-12-07 00:00:00+05:30,4015.0,4027.7,4001.4,4015.35,0,0
2006-12-08 00:00:00+05:30,4015.75,4046.85,3948.7,3962.0,0,0
2006-12-11 00:00:00+05:30,3961.9,3965.05,3798.3,3849.5,0,0
2006-12-12 00:00:00+05:30,3849.1,3861.25,3661.6,3716.9,0,0
2006-12-13 00:00:00+05:30,3716.75,3777.6,3657.65,3765.2,0,0
2006-12-14 00:00:00+05:30,3765.7,3855.05,3763.5,3843.05,0,0
2006-12-15 00:00:00+05:30,3849.6,3908.45,3845.45,3888.65,0,0
2006-12-18 00:00:00+05:30,3888.2,3934.0,3828.15,3928.75,0,0
2006-12-19 00:00:00+05:30,3928.85,3931.9,3783.45,3832.0,0,0
2006-12-20 00:00:00+05:30,3832.15,3886.1,3787.55,3815.55,0,0
2006-12-21 00:00:00+05:30,3814.75,3851.2,3768.8,3833.5,0,0
2006-12-22 00:00:00+05:30,3834.9,3880.15,3823.4,3871.15,0,0
2006-12-26 00:00:00+05:30,3871.3,3946.1,3870.45,3940.5,0,0
2006-12-27 00:00:00+05:30,3942.75,3986.75,3937.7,3974.25,0,0
2006-12-28 00:00:00+05:30,3974.2,3997.35,3961.95,3970.55,0,0
2006-12-29 00:00:00+05:30,3971.65,3991.6,3960.45,3966.4,0,0
2007-01-02 00:00:00+05:30,3966.25,4016.65,3964.95,4007.4,0,0
2007-01-03 00:00:00+05:30,4007.7,4029.8,3985.0,4024.05,0,0
2007-01-04 00:00:00+05:30,4027.3,4041.0,3979.8,3988.8,0,0
2007-01-05 00:00:00+05:30,3990.15,4011.45,3969.65,3983.4,0,0
2007-01-08 00:00:00+05:30,3983.3,3987.45,3913.0,3933.4,0,0
2007-01-09 00:00:00+05:30,3933.3,3963.75,3890.75,3911.4,0,0
2007-01-10 00:00:00+05:30,3910.95,3911.95,3841.7,3850.3,0,0
2007-01-11 00:00:00+05:30,3852.15,3953.1,3833.6,3942.25,0,0
2007-01-12 00:00:00+05:30,3944.55,4059.15,3944.55,4052.45,0,0
2007-01-15 00:00:00+05:30,4052.85,4099.64,4052.4,4078.4,0,0
2007-01-16 00:00:00+05:30,4090.7,4107.45,4067.9,4080.5,0,0
2007-01-17 00:00:00+05:30,4084.9,4096.75,4071.55,4076.45,0,0
2007-01-18 00:00:00+05:30,4075.2,4140.25,4075.2,4109.05,0,0
2007-01-19 00:00:00+05:30,4126.0,4137.14,4058.35,4090.15,0,0
2007-01-22 00:00:00+05:30,4089.6,4114.5,4069.95,4102.45,0,0
2007-01-23 00:00:00+05:30,4102.64,4105.1,4056.45,4066.1,0,0
2007-01-24 00:00:00+05:30,4066.6,4098.25,4065.75,4089.9,0,0
2007-01-25 00:00:00+05:30,4092.05,4157.95,4090.1,4147.7,0,0
2007-01-29 00:00:00+05:30,4148.39,4167.14,4115.75,4124.45,0,0
2007-01-31 00:00:00+05:30,4123.85,4137.85,4068.55,4082.7,0,0
2007-02-01 00:00:00+05:30,4083.4,4141.6,4081.1,4137.2,0,0
2007-02-02 00:00:00+05:30,4140.2,4198.7,4132.95,4183.5,0,0
2007-02-05 00:00:00+05:30,4193.14,4219.0,4170.0,4215.35,0,0
2007-02-06 00:00:00+05:30,4216.55,4228.14,4186.14,4195.89,0,0
2007-02-07 00:00:00+05:30,4198.2,4232.3,4192.85,4224.25,0,0
2007-02-08 00:00:00+05:30,4232.0,4245.3,4188.45,4223.39,0,0
2007-02-09 00:00:00+05:30,4223.5,4239.2,4171.8,4187.39,0,0
2007-02-12 00:00:00+05:30,4187.2,4187.2,4044.35,4058.3,0,0
2007-02-13 00:00:00+05:30,4069.1,4132.7,3998.3,4044.55,0,0
2007-02-14 00:00:00+05:30,4044.9,4057.35,3965.2,4047.1,0,0
2007-02-15 00:00:00+05:30,4046.8,4155.7,4046.8,4146.2,0,0
2007-02-19 00:00:00+05:30,4149.25,4177.7,4149.25,4164.55,0,0
2007-02-20 00:00:00+05:30,4164.85,4175.45,4099.55,4106.95,0,0
2007-02-21 00:00:00+05:30,4107.14,4132.8,4080.9,4096.2,0,0
2007-02-22 00:00:00+05:30,4096.64,4126.89,4023.15,4040.0,0,0
2007-02-23 00:00:00+05:30,4046.0,4065.45,3918.2,3938.95,0,0
2007-02-26 00:00:00+05:30,3939.1,3958.9,3856.7,3942.0,0,0
2007-02-27 00:00:00+05:30,3948.05,3958.0,3873.85,3893.9,0,0
2007-02-28 00:00:00+05:30,3893.4,3893.4,3674.85,3745.3,0,0
2007-03-01 00:00:00+05:30,3745.4,3818.75,3718.15,3811.2,0,0
2007-03-02 00:00:00+05:30,3811.65,3842.05,3711.05,3726.75,0,0
2007-03-05 00:00:00+05:30,3726.5,3726.65,3554.5,3576.5,0,0
2007-03-06 00:00:00+05:30,3577.15,3679.15,3576.65,3655.65,0,0
2007-03-07 00:00:00+05:30,3661.55,3714.15,3568.55,3626.85,0,0
2007-03-08 00:00:00+05:30,3627.25,3779.5,3626.8,3761.65,0,0
2007-03-09 00:00:00+05:30,3761.85,3795.7,3684.25,3718.0,0,0
2007-03-12 00:00:00+05:30,3717.45,3781.45,3713.9,3734.6,0,0
2007-03-13 00:00:00+05:30,3735.25,3775.85,3717.15,3770.55,0,0
2007-03-14 00:00:00+05:30,3768.4,3768.4,3623.0,3641.1,0,0
2007-03-15 00:00:00+05:30,3644.9,3711.05,3630.55,3643.6,0,0
2007-03-16 00:00:00+05:30,3639.35,3683.6,3573.85,3608.55,0,0
2007-03-19 00:00:00+05:30,3611.3,3683.35,3602.85,3678.9,0,0
2007-03-20 00:00:00+05:30,3680.35,3725.0,3676.65,3697.6,0,0
2007-03-21 00:00:00+05:30,3697.7,3771.2,3680.6,3764.55,0,0
2007-03-22 00:00:00+05:30,3764.5,3881.0,3764.5,3875.9,0,0
2007-03-23 00:00:00+05:30,3876.75,3901.75,3850.8,3861.05,0,0
2007-03-26 00:00:00+05:30,3863.45,3885.45,3768.25,3819.95,0,0
2007-03-28 00:00:00+05:30,3818.75,3830.3,3752.95,3761.1,0,0
2007-03-29 00:00:00+05:30,3759.15,3805.85,3750.35,3798.1,0,0
2007-03-30 00:00:00+05:30,3788.85,3832.2,3785.3,3821.55,0,0
2007-04-02 00:00:00+05:30,3820.0,3820.0,3617.0,3633.6,0,0
2007-04-03 00:00:00+05:30,3633.85,3703.05,3632.2,3690.65,0,0
2007-04-04 00:00:00+05:30,3689.75,3751.4,3689.75,3733.25,0,0
2007-04-05 00:00:00+05:30,3735.2,3771.45,3709.15,3752.0,0,0
2007-04-09 00:00:00+05:30,3752.9,3850.9,3747.25,3843.5,0,0
2007-04-10 00:00:00+05:30,3844.15,3858.35,3819.3,3848.15,0,0
2007-04-11 00:00:00+05:30,3848.35,3876.35,3844.75,3862.65,0,0
2007-04-12 00:00:00+05:30,3861.85,3861.85,3811.25,3829.85,0,0
2007-04-13 00:00:00+05:30,3830.35,3924.55,3828.45,3917.35,0,0
2007-04-16 00:00:00+05:30,3920.5,4016.8,3920.5,4013.35,0,0
2007-04-17 00:00:00+05:30,4014.4,4030.0,3976.25,3984.95,0,0
2007-04-18 00:00:00+05:30,3989.6,4039.25,3981.75,4011.6,0,0
2007-04-19 00:00:00+05:30,3998.5,4011.0,3933.35,3997.65,0,0
2007-04-20 00:00:00+05:30,4000.25,4090.05,3995.5,4083.55,0,0
2007-04-23 00:00:00+05:30,4083.55,4122.35,4075.2,4085.1,0,0
2007-04-24 00:00:00+05:30,4085.1,4162.14,4057.7,4141.8,0,0
2007-04-25 00:00:00+05:30,4134.25,4173.3,4114.35,4167.3,0,0
2007-04-26 00:00:00+05:30,4170.05,4217.89,4143.25,4177.85,0,0
2007-04-27 00:00:00+05:30,4182.0,4182.0,4074.3,4083.5,0,0
2007-04-30 00:00:00+05:30,4081.6,4096.89,4028.9,4087.9,0,0
2007-05-03 00:00:00+05:30,4089.45,4161.2,4080.75,4150.85,0,0
2007-05-04 00:00:00+05:30,4168.89,4180.89,4109.7,4117.35,0,0
2007-05-07 00:00:00+05:30,4117.5,4157.64,4103.6,4111.14,0,0
2007-05-08 00:00:00+05:30,4111.25,4136.05,4066.4,4077.0,0,0
2007-05-09 00:00:00+05:30,4077.25,4087.8,4030.55,4079.3,0,0
2007-05-10 00:00:00+05:30,4079.6,4134.2,4057.55,4066.8,0,0
2007-05-11 00:00:00+05:30,4070.2,4094.65,3981.15,4076.65,0,0
2007-05-14 00:00:00+05:30,4078.8,4151.3,4072.45,4134.3,0,0
2007-05-15 00:00:00+05:30,4134.3,4150.45,4102.45,4120.3,0,0
2007-05-16 00:00:00+05:30,4125.39,4181.0,4113.05,4170.95,0,0
2007-05-17 00:00:00+05:30,4172.1,4232.45,4172.1,4219.55,0,0
2007-05-18 00:00:00+05:30,4216.5,4228.45,4177.0,4214.5,0,0
2007-05-21 00:00:00+05:30,4217.64,4269.35,4217.55,4260.89,0,0
2007-05-22 00:00:00+05:30,4263.1,4281.6,4234.1,4278.1,0,0
2007-05-23 00:00:00+05:30,4279.6,4291.39,4231.05,4246.2,0,0
2007-05-24 00:00:00+05:30,4246.2,4250.85,4189.05,4204.89,0,0
2007-05-25 00:00:00+05:30,4197.85,4256.39,4141.35,4248.14,0,0
2007-05-28 00:00:00+05:30,4248.35,4295.6,4242.8,4256.55,0,0
2007-05-29 00:00:00+05:30,4257.6,4298.85,4248.89,4293.25,0,0
2007-05-30 00:00:00+05:30,4292.7,4301.6,4241.35,4249.64,0,0
2007-05-31 00:00:00+05:30,4250.25,4306.75,4250.25,4295.8,0,0
2007-06-01 00:00:00+05:30,4296.05,4325.8,4288.55,4297.05,0,0
2007-06-04 00:00:00+05:30,4300.7,4362.95,4256.45,4267.05,0,0
2007-06-05 00:00:00+05:30,4268.89,4292.5,4249.1,4284.64,0,0
2007-06-06 00:00:00+05:30,4285.75,4324.1,4190.95,4198.25,0,0
2007-06-07 00:00:00+05:30,4197.6,4230.05,4130.5,4179.5,0,0
2007-06-08 00:00:00+05:30,4179.5,4195.14,4126.1,4145.0,0,0
2007-06-11 00:00:00+05:30,4183.75,4205.2,4134.95,4145.6,0,0
2007-06-12 00:00:00+05:30,4139.7,4166.85,4100.8,4155.2,0,0
2007-06-13 00:00:00+05:30,4155.2,4161.8,4102.95,4113.05,0,0
2007-06-14 00:00:00+05:30,4113.2,4174.05,4112.85,4170.0,0,0
2007-06-15 00:00:00+05:30,4186.39,4209.45,4153.7,4171.45,0,0
2007-06-18 00:00:00+05:30,4177.0,4208.14,4140.25,4147.1,0,0
2007-06-19 00:00:00+05:30,4143.85,4222.39,4136.14,4214.3,0,0
2007-06-20 00:00:00+05:30,4214.3,4257.0,4214.3,4248.64,0,0
2007-06-21 00:00:00+05:30,4248.64,4275.35,4220.1,4267.39,0,0
2007-06-22 00:00:00+05:30,4267.55,4278.85,4242.5,4252.05,0,0
2007-06-25 00:00:00+05:30,4251.39,4264.25,4236.3,4259.39,0,0
2007-06-26 00:00:00+05:30,4259.39,4296.14,4250.1,4285.7,0,0
2007-06-27 00:00:00+05:30,4286.2,4294.2,4255.25,4263.95,0,0
2007-06-28 00:00:00+05:30,4263.89,4291.39,4256.89,4282.0,0,0
2007-06-29 00:00:00+05:30,4282.39,4321.35,4280.95,4318.3,0,0
2007-07-02 00:00:00+05:30,4318.39,4346.75,4305.45,4313.75,0,0
2007-07-03 00:00:00+05:30,4315.05,4363.35,4313.55,4357.55,0,0
2007-07-04 00:00:00+05:30,4358.25,4386.45,4342.0,4359.3,0,0
2007-07-05 00:00:00+05:30,4359.2,4378.55,4311.8,4353.95,0,0
2007-07-06 00:00:00+05:30,4353.1,4411.0,4304.0,4384.85,0,0
2007-07-09 00:00:00+05:30,4385.45,4427.55,4385.45,4419.39,0,0
2007-07-10 00:00:00+05:30,4419.1,4434.45,4393.0,4406.05,0,0
2007-07-11 00:00:00+05:30,4403.8,4411.45,4344.7,4387.14,0,0
2007-07-12 00:00:00+05:30,4388.05,4451.95,4387.05,4446.14,0,0
2007-07-13 00:00:00+05:30,4446.39,4513.89,4446.05,4504.55,0,0
2007-07-16 00:00:00+05:30,4505.95,4521.85,4495.95,4512.14,0,0
2007-07-17 00:00:00+05:30,4497.1,4550.25,4488.25,4496.75,0,0
2007-07-18 00:00:00+05:30,4498.64,4510.8,4452.85,4499.55,0,0
2007-07-19 00:00:00+05:30,4500.35,4573.0,4496.2,4562.1,0,0
2007-07-20 00:00:00+05:30,4563.75,4600.8,4553.8,4566.05,0,0
2007-07-23 00:00:00+05:30,4564.25,4628.45,4547.2,4619.35,0,0
2007-07-24 00:00:00+05:30,4620.05,4647.95,4609.75,4620.75,0,0
2007-07-25 00:00:00+05:30,4620.5,4620.5,4555.8,4588.7,0,0
2007-07-26 00:00:00+05:30,4593.1,4624.3,4570.8,4619.8,0,0
2007-07-27 00:00:00+05:30,4618.64,4618.89,4424.25,4445.2,0,0
2007-07-30 00:00:00+05:30,4442.35,4493.05,4403.7,4440.05,0,0
2007-07-31 00:00:00+05:30,4444.25,4534.2,4432.85,4528.85,0,0
2007-08-01 00:00:00+05:30,4528.85,4532.89,4339.75,4345.85,0,0
2007-08-02 00:00:00+05:30,4356.35,4399.75,4327.0,4356.35,0,0
2007-08-03 00:00:00+05:30,4355.75,4428.1,4355.75,4401.55,0,0
2007-08-06 00:00:00+05:30,4404.05,4404.05,4267.14,4339.5,0,0
2007-08-07 00:00:00+05:30,4341.5,4406.39,4341.5,4356.35,0,0
2007-08-08 00:00:00+05:30,4357.0,4472.14,4356.75,4462.1,0,0
2007-08-09 00:00:00+05:30,4462.25,4530.05,4390.8,4403.2,0,0
2007-08-10 00:00:00+05:30,4393.6,4395.5,4239.2,4333.35,0,0
2007-08-13 00:00:00+05:30,4324.64,4383.8,4324.64,4373.64,0,0
2007-08-14 00:00:00+05:30,4373.89,4394.3,4354.35,4370.2,0,0
2007-08-16 00:00:00+05:30,4366.0,4366.0,4171.14,4178.6,0,0
2007-08-17 00:00:00+05:30,4171.1,4171.1,4002.2,4108.05,0,0
2007-08-20 00:00:00+05:30,4108.95,4262.6,4108.95,4209.05,0,0
2007-08-21 00:00:00+05:30,4209.55,4238.1,4058.55,4074.9,0,0
2007-08-22 00:00:00+05:30,4081.25,4165.7,4040.15,4153.14,0,0
2007-08-23 00:00:00+05:30,4160.1,4249.85,4100.8,4114.95,0,0
2007-08-24 00:00:00+05:30,4113.05,4201.45,4110.05,4190.14,0,0
2007-08-27 00:00:00+05:30,4193.6,4310.0,4193.6,4302.6,0,0
2007-08-28 00:00:00+05:30,4302.39,4329.14,4280.6,4320.7,0,0
2007-08-29 00:00:00+05:30,4317.7,4368.6,4226.35,4359.3,0,0
2007-08-30 00:00:00+05:30,4360.35,4422.3,4359.75,4412.3,0,0
2007-08-31 00:00:00+05:30,4412.6,4471.3,4403.0,4464.0,0,0
2007-09-03 00:00:00+05:30,4466.64,4490.55,4452.39,4474.75,0,0
2007-09-04 00:00:00+05:30,4481.55,4501.3,4460.39,4479.25,0,0
2007-09-05 00:00:00+05:30,4479.6,4507.75,4458.55,4475.85,0,0
2007-09-06 00:00:00+05:30,4475.7,4522.5,4445.55,4518.6,0,0
2007-09-07 00:00:00+05:30,4518.64,4547.75,4499.89,4509.5,0,0
2007-09-10 00:00:00+05:30,4506.85,4515.25,4452.95,4507.85,0,0
2007-09-11 00:00:00+05:30,4509.64,4538.6,4487.14,4497.05,0,0
2007-09-12 00:00:00+05:30,4498.64,4531.5,4490.39,4496.85,0,0
2007-09-13 00:00:00+05:30,4498.05,4540.6,4498.05,4528.95,0,0
2007-09-14 00:00:00+05:30,4530.0,4582.6,4508.85,4518.0,0,0
2007-09-17 00:00:00+05:30,4518.45,4549.05,4482.85,4494.64,0,0
2007-09-18 00:00:00+05:30,4494.1,4551.8,4481.55,4546.2,0,0
2007-09-19 00:00:00+05:30,4550.25,4739.0,4550.25,4732.35,0,0
2007-09-20 00:00:00+05:30,4734.85,4760.85,4721.14,4747.55,0,0
2007-09-21 00:00:00+05:30,4752.95,4855.7,4733.7,4837.55,0,0
2007-09-24 00:00:00+05:30,4837.14,4941.14,4837.14,4932.2,0,0
2007-09-25 00:00:00+05:30,4939.1,4953.89,4878.14,4938.85,0,0
2007-09-26 00:00:00+05:30,4937.6,4980.85,4930.35,4940.5,0,0
2007-09-27 00:00:00+05:30,4942.7,5016.39,4942.7,5000.55,0,0
2007-09-28 00:00:00+05:30,4996.45,5055.8,4996.45,5021.35,0,0
2007-10-01 00:00:00+05:30,5021.5,5089.3,5001.35,5068.95,0,0
2007-10-03 00:00:00+05:30,5069.0,5261.35,5034.14,5210.8,0,0
2007-10-04 00:00:00+05:30,5211.64,5233.1,5126.05,5208.64,0,0
2007-10-05 00:00:00+05:30,5208.14,5248.55,5164.5,5185.85,0,0
2007-10-08 00:00:00+05:30,5186.25,5249.3,5024.75,5085.1,0,0
2007-10-09 00:00:00+05:30,5062.64,5348.7,5000.95,5327.25,0,0
2007-10-10 00:00:00+05:30,5328.15,5454.7,5328.15,5441.45,0,0
2007-10-11 00:00:00+05:30,5438.9,5532.75,5424.25,5524.85,0,0
2007-10-12 00:00:00+05:30,5525.3,5549.3,5402.6,5428.25,0,0
2007-10-15 00:00:00+05:30,5428.35,5682.65,5419.9,5670.4,0,0
2007-10-16 00:00:00+05:30,5670.65,5708.35,5578.45,5668.05,0,0
2007-10-17 00:00:00+05:30,5658.9,5658.9,5107.3,5559.3,0,0
2007-10-18 00:00:00+05:30,5551.1,5736.8,5269.65,5351.0,0,0
2007-10-19 00:00:00+05:30,5360.35,5390.85,5101.75,5215.3,0,0
2007-10-22 00:00:00+05:30,5202.75,5247.4,5070.89,5184.0,0,0
2007-10-23 00:00:00+05:30,5185.3,5488.5,5176.85,5473.7,0,0
2007-10-24 00:00:00+05:30,5477.6,5577.9,5419.4,5496.15,0,0
2007-10-25 00:00:00+05:30,5499.05,5605.95,5469.3,5568.95,0,0
2007-10-26 00:00:00+05:30,5564.25,5716.9,5513.35,5702.3,0,0
2007-10-29 00:00:00+05:30,5708.9,5922.5,5708.9,5905.9,0,0
2007-10-30 00:00:00+05:30,5917.55,5976.0,5833.9,5868.75,0,0
2007-10-31 00:00:00+05:30,5868.9,5952.25,5861.3,5900.65,0,0
2007-11-01 00:00:00+05:30,5903.8,6011.95,5837.2,5866.45,0,0
2007-11-02 00:00:00+05:30,5854.85,5944.75,5714.25,5932.4,0,0
2007-11-05 00:00:00+05:30,5931.9,5948.55,5819.6,5847.3,0,0
2007-11-06 00:00:00+05:30,5847.1,5957.2,5759.95,5786.5,0,0
2007-11-07 00:00:00+05:30,5782.4,5861.35,5744.3,5782.35,0,0
2007-11-08 00:00:00+05:30,5779.3,5780.8,5646.75,5698.75,0,0
2007-11-09 00:00:00+05:30,5703.45,5794.2,5614.9,5663.25,0,0
2007-11-12 00:00:00+05:30,5660.6,5660.6,5477.5,5617.1,0,0
2007-11-13 00:00:00+05:30,5612.35,5758.85,5591.6,5695.4,0,0
2007-11-14 00:00:00+05:30,5703.95,5950.2,5700.05,5937.9,0,0
2007-11-15 00:00:00+05:30,5942.7,5966.95,5895.65,5912.1,0,0
2007-11-16 00:00:00+05:30,5913.15,5948.05,5817.4,5906.85,0,0
2007-11-19 00:00:00+05:30,5908.05,5981.8,5893.8,5907.65,0,0
2007-11-20 00:00:00+05:30,5911.25,5923.7,5755.8,5780.9,0,0
2007-11-21 00:00:00+05:30,5778.8,5790.05,5530.85,5561.05,0,0
2007-11-22 00:00:00+05:30,5564.65,5608.65,5394.35,5519.35,0,0
2007-11-23 00:00:00+05:30,5524.3,5638.6,5514.75,5608.6,0,0
2007-11-26 00:00:00+05:30,5611.3,5772.55,5608.95,5731.7,0,0
2007-11-27 00:00:00+05:30,5729.25,5743.55,5655.6,5698.15,0,0
2007-11-28 00:00:00+05:30,5699.55,5749.95,5595.5,5617.55,0,0
2007-11-29 00:00:00+05:30,5617.8,5725.0,5612.1,5634.6,0,0
2007-11-30 00:00:00+05:30,5633.9,5782.55,5632.65,5762.75,0,0
2007-12-03 00:00:00+05:30,5765.45,5878.8,5754.6,5865.0,0,0
2007-12-04 00:00:00+05:30,5870.2,5897.25,5840.3,5858.35,0,0
2007-12-05 00:00:00+05:30,5861.9,5949.3,5859.95,5940.0,0,0
2007-12-06 00:00:00+05:30,5941.05,6027.05,5919.8,5954.7,0,0
2007-12-07 00:00:00+05:30,5963.6,6042.1,5894.8,5974.3,0,0
2007-12-10 00:00:00+05:30,5974.0,6015.3,5923.35,5960.6,0,0
2007-12-11 00:00:00+05:30,5960.4,6111.2,5960.4,6097.25,0,0
2007-12-12 00:00:00+05:30,6067.05,6175.65,6005.45,6159.3,0,0
2007-12-13 00:00:00+05:30,6159.25,6185.4,6040.4,6058.1,0,0
2007-12-14 00:00:00+05:30,6056.2,6078.55,6015.05,6047.7,0,0
2007-12-17 00:00:00+05:30,6037.95,6039.95,5740.6,5777.0,0,0
2007-12-18 00:00:00+05:30,5777.6,5874.6,5710.6,5742.3,0,0
2007-12-19 00:00:00+05:30,5730.25,5840.8,5676.7,5751.15,0,0
2007-12-20 00:00:00+05:30,5751.75,5799.5,5742.75,5766.5,0,0
2007-12-24 00:00:00+05:30,5771.3,6001.05,5771.3,5985.1,0,0
2007-12-26 00:00:00+05:30,5988.45,6085.25,5988.45,6070.75,0,0
2007-12-27 00:00:00+05:30,6069.0,6110.85,6060.2,6081.5,0,0
2007-12-28 00:00:00+05:30,6079.55,6098.6,6021.9,6079.7,0,0
2007-12-31 00:00:00+05:30,6095.0,6167.75,6095.0,6138.6,0,0
2008-01-01 00:00:00+05:30,6136.75,6165.35,6109.85,6144.35,0,0
2008-01-02 00:00:00+05:30,6144.7,6197.0,6060.85,6179.4,0,0
2008-01-03 00:00:00+05:30,6184.25,6230.15,6126.4,6178.55,0,0
2008-01-04 00:00:00+05:30,6179.1,6300.05,6179.1,6274.3,0,0
2008-01-07 00:00:00+05:30,6271.0,6289.8,6193.35,6279.1,0,0
2008-01-08 00:00:00+05:30,6282.45,6357.1,6221.6,6287.85,0,0
2008-01-09 00:00:00+05:30,6287.55,6338.3,6231.25,6272.0,0,0
2008-01-10 00:00:00+05:30,6278.1,6347.0,6142.9,6156.95,0,0
2008-01-11 00:00:00+05:30,6166.65,6224.2,6112.55,6200.1,0,0
2008-01-14 00:00:00+05:30,6208.8,6244.15,6172.0,6206.8,0,0
2008-01-15 00:00:00+05:30,6226.35,6260.45,6053.3,6074.25,0,0
2008-01-16 00:00:00+05:30,6065.0,6065.0,5825.75,5935.75,0,0
2008-01-17 00:00:00+05:30,5937.95,6013.15,5880.3,5913.2,0,0
2008-01-18 00:00:00+05:30,5907.75,5908.75,5677.0,5705.3,0,0
2008-01-21 00:00:00+05:30,5705.0,5705.0,4977.1,5208.8,0,0
2008-01-22 00:00:00+05:30,5203.35,5203.35,4448.5,4899.3,0,0
2008-01-23 00:00:00+05:30,4903.05,5328.05,4891.6,5203.39,0,0
2008-01-24 00:00:00+05:30,5208.0,5357.2,4995.8,5033.45,0,0
2008-01-25 00:00:00+05:30,5035.05,5399.25,5035.05,5383.35,0,0
2008-01-28 00:00:00+05:30,5380.95,5380.95,5071.0,5274.1,0,0
2008-01-29 00:00:00+05:30,5279.55,5391.6,5225.25,5280.8,0,0
2008-01-30 00:00:00+05:30,5283.75,5314.3,5142.25,5167.6,0,0
2008-01-31 00:00:00+05:30,5172.25,5251.65,5071.14,5137.45,0,0
2008-02-01 00:00:00+05:30,5140.6,5339.95,5090.75,5317.25,0,0
2008-02-04 00:00:00+05:30,5315.55,5545.2,5315.55,5463.5,0,0
2008-02-05 00:00:00+05:30,5463.75,5500.6,5412.95,5483.9,0,0
2008-02-06 00:00:00+05:30,5470.4,5470.4,5257.05,5322.55,0,0
2008-02-07 00:00:00+05:30,5322.55,5344.6,5113.85,5133.25,0,0
2008-02-08 00:00:00+05:30,5132.1,5173.85,5034.25,5120.35,0,0
2008-02-11 00:00:00+05:30,5120.55,5126.39,4803.6,4857.0,0,0
2008-02-12 00:00:00+05:30,4877.85,4949.6,4820.45,4838.25,0,0
2008-02-13 00:00:00+05:30,4836.55,4986.55,4836.55,4929.45,0,0
2008-02-14 00:00:00+05:30,4944.64,5220.25,4944.64,5202.0,0,0
2008-02-15 00:00:00+05:30,5202.85,5315.4,5104.75,5302.9,0,0
2008-02-18 00:00:00+05:30,5304.45,5348.6,5224.0,5276.9,0,0
2008-02-19 00:00:00+05:30,5278.4,5368.45,5262.0,5280.8,0,0
2008-02-20 00:00:00+05:30,5267.15,5267.15,5116.3,5154.45,0,0
2008-02-21 00:00:00+05:30,5156.89,5241.35,5120.05,5191.8,0,0
2008-02-22 00:00:00+05:30,5183.39,5184.0,5092.8,5110.75,0,0
2008-02-25 00:00:00+05:30,5112.25,5212.35,5055.14,5200.7,0,0
2008-02-26 00:00:00+05:30,5200.8,5281.2,5200.8,5270.05,0,0
2008-02-27 00:00:00+05:30,5271.4,5368.15,5249.75,5268.4,0,0
2008-02-28 00:00:00+05:30,5266.35,5302.85,5227.14,5285.1,0,0
2008-02-29 00:00:00+05:30,5285.0,5290.8,5098.35,5223.5,0,0
2008-03-03 00:00:00+05:30,5222.8,5222.8,4936.05,4953.0,0,0
2008-03-04 00:00:00+05:30,4958.55,4976.7,4812.95,4864.25,0,0
2008-03-05 00:00:00+05:30,4866.85,4936.75,4847.25,4921.39,0,0
2008-03-07 00:00:00+05:30,4918.3,4918.3,4672.25,4771.6,0,0
2008-03-10 00:00:00+05:30,4767.8,4814.95,4620.5,4800.39,0,0
2008-03-11 00:00:00+05:30,4796.3,4888.5,4732.85,4865.89,0,0
2008-03-12 00:00:00+05:30,4869.75,5019.2,4854.75,4872.0,0,0
2008-03-13 00:00:00+05:30,4868.7,4868.8,4580.14,4623.6,0,0
2008-03-14 00:00:00+05:30,4623.8,4758.95,4607.55,4745.8,0,0
2008-03-17 00:00:00+05:30,4745.45,4745.45,4482.1,4503.1,0,0
2008-03-18 00:00:00+05:30,4519.89,4617.95,4468.55,4533.0,0,0
2008-03-19 00:00:00+05:30,4534.75,4718.39,4533.89,4573.95,0,0
2008-03-24 00:00:00+05:30,4576.8,4649.45,4539.8,4609.85,0,0
2008-03-25 00:00:00+05:30,4616.8,4896.8,4616.8,4877.5,0,0
2008-03-26 00:00:00+05:30,4878.7,4912.3,4808.64,4828.85,0,0
2008-03-27 00:00:00+05:30,4828.8,4863.75,4769.6,4830.25,0,0
2008-03-28 00:00:00+05:30,4830.0,4970.8,4796.35,4942.0,0,0
2008-03-31 00:00:00+05:30,4942.14,4947.0,4703.85,4734.5,0,0
2008-04-01 00:00:00+05:30,4735.64,4800.75,4628.75,4739.55,0,0
2008-04-02 00:00:00+05:30,4741.39,4916.75,4741.39,4754.2,0,0
2008-04-03 00:00:00+05:30,4753.89,4833.25,4738.2,4771.6,0,0
2008-04-04 00:00:00+05:30,4766.7,4791.7,4632.7,4647.0,0,0
2008-04-07 00:00:00+05:30,4631.35,4798.55,4628.8,4761.2,0,0
2008-04-08 00:00:00+05:30,4760.64,4769.55,4677.8,4709.64,0,0
2008-04-09 00:00:00+05:30,4707.05,4758.25,4667.5,4747.05,0,0
2008-04-10 00:00:00+05:30,4747.55,4799.5,4720.89,4733.0,0,0
2008-04-11 00:00:00+05:30,4734.35,4817.39,4727.25,4777.8,0,0
2008-04-15 00:00:00+05:30,4779.95,4917.1,4708.3,4879.64,0,0
2008-04-16 00:00:00+05:30,4881.64,4951.39,4874.05,4887.3,0,0
2008-04-17 00:00:00+05:30,4890.6,4984.95,4889.64,4958.39,0,0
2008-04-21 00:00:00+05:30,4955.89,5053.39,4955.89,5037.0,0,0
2008-04-22 00:00:00+05:30,5037.05,5074.25,4994.05,5049.3,0,0
2008-04-23 00:00:00+05:30,5044.35,5083.5,5003.55,5022.8,0,0
2008-04-24 00:00:00+05:30,5022.89,5072.7,4991.35,4999.85,0,0
2008-04-25 00:00:00+05:30,4999.14,5117.7,4999.14,5111.7,0,0
2008-04-28 00:00:00+05:30,5112.5,5147.45,5079.14,5089.64,0,0
2008-04-29 00:00:00+05:30,5092.39,5210.89,5082.14,5195.5,0,0
2008-04-30 00:00:00+05:30,5198.35,5230.75,5155.85,5165.89,0,0
2008-05-02 00:00:00+05:30,5265.3,5298.85,5197.6,5228.2,0,0
2008-05-05 00:00:00+05:30,5227.25,5254.5,5182.6,5192.25,0,0
2008-05-06 00:00:00+05:30,5192.35,5206.5,5110.89,5144.64,0,0
2008-05-07 00:00:00+05:30,5156.7,5159.05,5101.25,5135.5,0,0
2008-05-08 00:00:00+05:30,5135.8,5143.05,5062.45,5081.7,0,0
2008-05-09 00:00:00+05:30,5070.85,5087.64,4969.39,4982.6,0,0
2008-05-12 00:00:00+05:30,4981.0,5021.75,4913.8,5012.64,0,0
2008-05-13 00:00:00+05:30,5008.6,5066.0,4943.75,4957.8,0,0
2008-05-14 00:00:00+05:30,4958.45,5026.1,4932.05,5011.75,0,0
2008-05-15 00:00:00+05:30,5010.89,5118.55,4999.6,5115.25,0,0
2008-05-16 00:00:00+05:30,5115.64,5167.39,5106.39,5157.7,0,0
2008-05-20 00:00:00+05:30,5157.0,5160.05,5072.39,5104.95,0,0
2008-05-21 00:00:00+05:30,5105.7,5135.55,5048.7,5117.64,0,0
2008-05-22 00:00:00+05:30,5117.0,5118.89,5010.7,5025.45,0,0
2008-05-23 00:00:00+05:30,5026.55,5059.05,4940.7,4946.55,0,0
2008-05-26 00:00:00+05:30,4953.6,4953.6,4858.0,4875.05,0,0
2008-05-27 00:00:00+05:30,4877.14,4932.0,4846.2,4859.8,0,0
2008-05-28 00:00:00+05:30,4862.7,4926.89,4835.64,4918.35,0,0
2008-05-29 00:00:00+05:30,4926.3,4957.39,4801.89,4835.3,0,0
2008-05-30 00:00:00+05:30,4844.05,4908.85,4833.45,4870.1,0,0
2008-06-02 00:00:00+05:30,4869.25,4908.8,4713.0,4739.6,0,0
2008-06-03 00:00:00+05:30,4739.3,4739.3,4634.0,4715.89,0,0
2008-06-04 00:00:00+05:30,4718.7,4731.5,4564.5,4585.6,0,0
2008-06-05 00:00:00+05:30,4586.95,4690.6,4536.25,4676.95,0,0
2008-06-06 00:00:00+05:30,4680.55,4746.3,4614.25,4627.8,0,0
2008-06-09 00:00:00+05:30,4626.45,4626.45,4411.6,4500.95,0,0
2008-06-10 00:00:00+05:30,4522.0,4522.55,4369.8,4449.8,0,0
2008-06-11 00:00:00+05:30,4469.64,4541.05,4468.05,4523.6,0,0
2008-06-12 00:00:00+05:30,4524.39,4550.0,4392.0,4539.35,0,0
2008-06-13 00:00:00+05:30,4539.5,4563.35,4491.35,4517.1,0,0
2008-06-16 00:00:00+05:30,4536.3,4617.7,4536.3,4572.5,0,0
2008-06-17 00:00:00+05:30,4572.5,4664.05,4561.75,4653.0,0,0
2008-06-18 00:00:00+05:30,4652.8,4679.75,4569.89,4582.39,0,0
2008-06-19 00:00:00+05:30,4582.55,4585.7,4488.95,4504.25,0,0
2008-06-20 00:00:00+05:30,4504.2,4532.0,4333.6,4347.55,0,0
2008-06-23 00:00:00+05:30,4351.14,4351.14,4225.5,4266.39,0,0
2008-06-24 00:00:00+05:30,4271.05,4305.89,4156.1,4191.1,0,0
2008-06-25 00:00:00+05:30,4189.6,4264.55,4093.2,4252.64,0,0
2008-06-26 00:00:00+05:30,4252.6,4324.75,4230.0,4315.85,0,0
2008-06-27 00:00:00+05:30,4315.3,4315.3,4119.2,4136.64,0,0
2008-06-30 00:00:00+05:30,4136.25,4163.0,4021.7,4040.55,0,0
2008-07-01 00:00:00+05:30,4039.75,4075.4,3878.2,3896.75,0,0
2008-07-02 00:00:00+05:30,3895.3,4107.14,3848.25,4093.35,0,0
2008-07-03 00:00:00+05:30,4094.6,4097.35,3874.85,3925.75,0,0
2008-07-04 00:00:00+05:30,3926.65,4033.5,3896.4,4016.0,0,0
2008-07-07 00:00:00+05:30,4002.0,4114.5,4002.0,4030.0,0,0
2008-07-08 00:00:00+05:30,4028.7,4028.7,3896.05,3988.55,0,0
2008-07-09 00:00:00+05:30,3990.9,4169.39,3990.9,4157.1,0,0
2008-07-10 00:00:00+05:30,4155.64,4187.95,4110.39,4162.2,0,0
2008-07-11 00:00:00+05:30,4166.0,4215.5,4014.45,4049.0,0,0
2008-07-14 00:00:00+05:30,4047.45,4118.1,4004.25,4039.7,0,0
2008-07-15 00:00:00+05:30,4039.3,4040.7,3835.5,3861.1,0,0
2008-07-16 00:00:00+05:30,3861.55,3920.05,3790.2,3816.7,0,0
2008-07-17 00:00:00+05:30,3823.15,3968.75,3823.15,3947.2,0,0
2008-07-18 00:00:00+05:30,3962.95,4110.55,3926.3,4092.25,0,0
2008-07-21 00:00:00+05:30,4092.2,4168.14,4072.75,4159.5,0,0
2008-07-22 00:00:00+05:30,4158.45,4262.45,4137.95,4240.1,0,0
2008-07-23 00:00:00+05:30,4246.7,4491.55,4246.7,4476.8,0,0
2008-07-24 00:00:00+05:30,4476.2,4539.45,4385.85,4433.55,0,0
2008-07-25 00:00:00+05:30,4440.85,4440.85,4297.14,4311.85,0,0
2008-07-28 00:00:00+05:30,4282.25,4352.64,4282.25,4332.1,0,0
2008-07-29 00:00:00+05:30,4332.2,4332.2,4159.14,4189.85,0,0
2008-07-30 00:00:00+05:30,4191.2,4327.0,4191.2,4313.55,0,0
2008-07-31 00:00:00+05:30,4314.35,4342.0,4285.55,4332.95,0,0
2008-08-01 00:00:00+05:30,4331.6,4422.95,4235.7,4413.55,0,0
2008-08-04 00:00:00+05:30,4426.1,4436.14,4362.89,4395.35,0,0
2008-08-05 00:00:00+05:30,4395.8,4515.14,4376.0,4502.85,0,0
2008-08-06 00:00:00+05:30,4506.25,4615.89,4503.89,4517.55,0,0
2008-08-07 00:00:00+05:30,4515.25,4580.14,4493.7,4523.85,0,0
2008-08-08 00:00:00+05:30,4518.35,4546.35,4464.0,4529.5,0,0
2008-08-11 00:00:00+05:30,4529.35,4625.2,4529.35,4620.39,0,0
2008-08-12 00:00:00+05:30,4620.95,4649.85,4525.75,4552.25,0,0
2008-08-13 00:00:00+05:30,4548.05,4572.64,4497.25,4529.05,0,0
2008-08-14 00:00:00+05:30,4524.2,4529.8,4421.25,4430.7,0,0
2008-08-18 00:00:00+05:30,4430.7,4447.39,4379.85,4393.05,0,0
2008-08-19 00:00:00+05:30,4393.1,4393.7,4316.55,4368.25,0,0
2008-08-20 00:00:00+05:30,4365.45,4434.89,4365.45,4415.75,0,0
2008-08-21 00:00:00+05:30,4416.2,4418.55,4271.3,4283.85,0,0
2008-08-22 00:00:00+05:30,4283.85,4337.0,4248.0,4327.45,0,0
2008-08-25 00:00:00+05:30,4317.95,4398.8,4317.95,4335.35,0,0
2008-08-26 00:00:00+05:30,4335.2,4345.05,4283.3,4337.5,0,0
2008-08-27 00:00:00+05:30,4336.85,4364.25,4282.64,4292.1,0,0
2008-08-28 00:00:00+05:30,4290.75,4304.5,4201.85,4214.0,0,0
2008-08-29 00:00:00+05:30,4230.6,4368.8,4230.6,4360.0,0,0
2008-09-01 00:00:00+05:30,4356.1,4365.0,4281.35,4348.64,0,0
2008-09-02 00:00:00+05:30,4358.85,4522.39,4343.1,4504.0,0,0
2008-09-04 00:00:00+05:30,4512.95,4514.6,4419.45,4447.75,0,0
2008-09-05 00:00:00+05:30,4444.7,4444.7,4328.89,4352.3,0,0
2008-09-08 00:00:00+05:30,4358.3,4558.0,4358.3,4482.3,0,0
2008-09-09 00:00:00+05:30,4485.14,4497.5,4418.95,4468.7,0,0
2008-09-10 00:00:00+05:30,4467.5,4467.5,4382.35,4400.25,0,0
2008-09-11 00:00:00+05:30,4397.25,4399.3,4272.75,4290.3,0,0
2008-09-12 00:00:00+05:30,4291.6,4323.89,4200.14,4228.45,0,0
2008-09-15 00:00:00+05:30,4231.95,4237.25,3955.4,4072.9,0,0
2008-09-16 00:00:00+05:30,4072.55,4090.1,3919.35,4074.9,0,0
2008-09-17 00:00:00+05:30,4074.8,4116.7,3974.6,4008.25,0,0
2008-09-18 00:00:00+05:30,4005.25,4050.1,3799.55,4038.15,0,0
2008-09-19 00:00:00+05:30,4040.8,4262.64,4040.8,4245.25,0,0
2008-09-22 00:00:00+05:30,4248.95,4303.25,4202.39,4223.05,0,0
2008-09-23 00:00:00+05:30,4223.89,4224.7,4117.89,4126.89,0,0
2008-09-24 00:00:00+05:30,4125.75,4207.95,4115.85,4161.25,0,0
2008-09-25 00:00:00+05:30,4162.14,4172.6,4077.5,4110.55,0,0
2008-09-26 00:00:00+05:30,4108.75,4110.7,3970.35,3985.25,0,0
2008-09-29 00:00:00+05:30,3990.2,3997.55,3777.3,3850.05,0,0
2008-09-30 00:00:00+05:30,3848.7,3966.85,3715.05,3921.2,0,0
2008-10-01 00:00:00+05:30,3921.85,4000.5,3861.25,3950.75,0,0
2008-10-03 00:00:00+05:30,3953.55,3969.55,3804.85,3818.3,0,0
2008-10-06 00:00:00+05:30,3817.3,3820.85,3581.6,3602.35,0,0
2008-10-07 00:00:00+05:30,3606.95,3732.65,3537.0,3606.6,0,0
2008-10-08 00:00:00+05:30,3604.4,3604.4,3329.45,3513.65,0,0
2008-10-10 00:00:00+05:30,3502.05,3502.05,3198.95,3279.95,0,0
2008-10-13 00:00:00+05:30,3272.9,3510.2,3272.9,3490.7,0,0
2008-10-14 00:00:00+05:30,3494.1,3648.25,3491.5,3518.65,0,0
2008-10-15 00:00:00+05:30,3517.9,3518.5,3324.55,3338.4,0,0
2008-10-16 00:00:00+05:30,3333.85,3333.85,3099.9,3269.3,0,0
2008-10-17 00:00:00+05:30,3269.05,3335.95,3046.6,3074.35,0,0
2008-10-20 00:00:00+05:30,3108.2,3238.4,3058.95,3122.8,0,0
2008-10-21 00:00:00+05:30,3125.4,3254.85,3117.35,3234.9,0,0
2008-10-22 00:00:00+05:30,3234.7,3235.75,3051.8,3065.15,0,0
2008-10-23 00:00:00+05:30,3064.8,3085.1,2917.15,2943.15,0,0
2008-10-24 00:00:00+05:30,2936.25,2936.25,2525.05,2584.0,0,0
2008-10-27 00:00:00+05:30,2583.75,2585.3,2252.75,2524.19,0,0
2008-10-28 00:00:00+05:30,2526.19,2695.95,2526.19,2684.6,0,0
2008-10-29 00:00:00+05:30,2685.3,2781.25,2631.9,2697.05,0,0
2008-10-31 00:00:00+05:30,2696.3,2921.35,2696.3,2885.6,0,0
2008-11-03 00:00:00+05:30,2885.4,3062.05,2885.4,3043.85,0,0
2008-11-04 00:00:00+05:30,3050.25,3152.3,2985.0,3142.1,0,0
2008-11-05 00:00:00+05:30,3155.75,3240.55,2971.0,2994.95,0,0
2008-11-06 00:00:00+05:30,2998.45,3007.8,2860.25,2892.65,0,0
2008-11-07 00:00:00+05:30,2893.25,3010.0,2860.1,2973.0,0,0
2008-11-10 00:00:00+05:30,2973.3,3161.25,2973.3,3148.25,0,0
2008-11-11 00:00:00+05:30,3147.2,3147.2,2919.45,2938.65,0,0
2008-11-12 00:00:00+05:30,2937.9,2975.2,2794.95,2848.45,0,0
2008-11-14 00:00:00+05:30,2848.0,2938.8,2778.8,2810.35,0,0
2008-11-17 00:00:00+05:30,2813.4,2835.7,2694.5,2799.55,0,0
2008-11-18 00:00:00+05:30,2802.45,2802.45,2664.3,2683.15,0,0
2008-11-19 00:00:00+05:30,2682.75,2772.4,2617.9,2635.0,0,0
2008-11-20 00:00:00+05:30,2634.2,2634.2,2502.9,2553.15,0,0
2008-11-21 00:00:00+05:30,2553.6,2718.6,2539.8,2693.45,0,0
2008-11-24 00:00:00+05:30,2690.85,2740.35,2633.8,2708.25,0,0
2008-11-25 00:00:00+05:30,2708.3,2790.7,2638.2,2654.0,0,0
2008-11-26 00:00:00+05:30,2652.45,2762.6,2643.35,2752.25,0,0
2008-11-28 00:00:00+05:30,2745.7,2779.0,2690.3,2755.1,0,0
2008-12-01 00:00:00+05:30,2755.15,2832.85,2669.5,2682.9,0,0
2008-12-02 00:00:00+05:30,2672.9,2672.9,2570.69,2657.8,0,0
2008-12-03 00:00:00+05:30,2657.5,2693.65,2611.94,2656.45,0,0
2008-12-04 00:00:00+05:30,2656.5,2793.8,2646.35,2788.0,0,0
2008-12-05 00:00:00+05:30,2786.65,2821.15,2701.35,2714.4,0,0
2008-12-08 00:00:00+05:30,2714.7,2861.55,2714.7,2784.0,0,0
2008-12-10 00:00:00+05:30,2785.7,2940.15,2785.7,2928.25,0,0
2008-12-11 00:00:00+05:30,2934.05,2945.3,2861.55,2920.15,0,0
2008-12-12 00:00:00+05:30,2915.35,2936.8,2812.55,2921.35,0,0
2008-12-15 00:00:00+05:30,2917.9,3012.1,2917.9,2981.2,0,0
2008-12-16 00:00:00+05:30,2983.6,3052.55,2963.3,3041.75,0,0
2008-12-17 00:00:00+05:30,3040.45,3076.2,2943.5,2954.35,0,0
2008-12-18 00:00:00+05:30,2955.35,3072.55,2922.65,3060.75,0,0
2008-12-19 00:00:00+05:30,3063.0,3106.8,3036.3,3077.5,0,0
2008-12-22 00:00:00+05:30,3077.25,3110.45,3027.8,3039.3,0,0
2008-12-23 00:00:00+05:30,3039.25,3040.0,2957.05,2968.65,0,0
2008-12-24 00:00:00+05:30,2967.4,2968.0,2900.45,2916.85,0,0
2008-12-26 00:00:00+05:30,2919.85,2960.95,2844.8,2857.25,0,0
2008-12-29 00:00:00+05:30,2857.15,2931.8,2812.9,2922.2,0,0
2008-12-30 00:00:00+05:30,2922.55,2999.15,2899.75,2979.5,0,0
2008-12-31 00:00:00+05:30,2979.8,3002.65,2937.35,2959.15,0,0
2009-01-01 00:00:00+05:30,2963.3,3039.25,2963.3,3033.45,0,0
2009-01-02 00:00:00+05:30,3034.6,3079.85,3021.8,3046.75,0,0
2009-01-05 00:00:00+05:30,3058.75,3131.95,3056.45,3121.45,0,0
2009-01-06 00:00:00+05:30,3121.5,3141.8,3056.1,3112.8,0,0
2009-01-07 00:00:00+05:30,3112.8,3147.2,2888.2,2920.4,0,0
2009-01-09 00:00:00+05:30,2919.95,2929.85,2810.25,2873.0,0,0
2009-01-12 00:00:00+05:30,2868.85,2869.2,2748.55,2773.1,0,0
2009-01-13 00:00:00+05:30,2775.0,2802.6,2720.8,2744.95,0,0
2009-01-14 00:00:00+05:30,2748.4,2853.25,2748.4,2835.3,0,0
2009-01-15 00:00:00+05:30,2832.3,2832.3,2701.75,2736.7,0,0
2009-01-16 00:00:00+05:30,2737.0,2835.65,2724.2,2828.45,0,0
2009-01-19 00:00:00+05:30,2828.7,2868.2,2819.9,2846.2,0,0
2009-01-20 00:00:00+05:30,2842.9,2842.9,2758.0,2796.6,0,0
2009-01-21 00:00:00+05:30,2777.4,2787.3,2690.2,2706.15,0,0
2009-01-22 00:00:00+05:30,2714.7,2744.85,2681.4,2713.8,0,0
2009-01-23 00:00:00+05:30,2705.45,2765.55,2661.65,2678.55,0,0
2009-01-27 00:00:00+05:30,2686.05,2777.3,2685.25,2771.35,0,0
2009-01-28 00:00:00+05:30,2771.1,2855.4,2765.6,2849.5,0,0
2009-01-29 00:00:00+05:30,2849.35,2873.85,2795.35,2823.95,0,0
2009-01-30 00:00:00+05:30,2824.05,2881.0,2774.1,2874.8,0,0
2009-02-02 00:00:00+05:30,2872.35,2873.45,2760.7,2766.65,0,0
2009-02-03 00:00:00+05:30,2773.5,2831.7,2752.9,2783.9,0,0
2009-02-04 00:00:00+05:30,2780.7,2842.2,2780.7,2803.05,0,0
2009-02-05 00:00:00+05:30,2802.75,2816.8,2754.85,2780.05,0,0
2009-02-06 00:00:00+05:30,2779.35,2852.5,2778.65,2843.1,0,0
2009-02-09 00:00:00+05:30,2843.05,2926.75,2840.15,2919.9,0,0
2009-02-10 00:00:00+05:30,2919.7,2957.4,2891.75,2934.5,0,0
2009-02-11 00:00:00+05:30,2933.0,2937.5,2877.6,2925.7,0,0
2009-02-12 00:00:00+05:30,2927.4,2939.0,2886.55,2893.05,0,0
2009-02-13 00:00:00+05:30,2896.95,2969.75,2896.85,2948.35,0,0
2009-02-16 00:00:00+05:30,2948.25,2953.2,2839.1,2848.5,0,0
2009-02-17 00:00:00+05:30,2853.85,2854.65,2757.3,2770.5,0,0
2009-02-18 00:00:00+05:30,2755.15,2806.5,2736.65,2776.1,0,0
2009-02-19 00:00:00+05:30,2776.7,2802.15,2767.6,2789.3,0,0
2009-02-20 00:00:00+05:30,2789.3,2789.3,2709.3,2736.4,0,0
2009-02-24 00:00:00+05:30,2737.25,2746.2,2677.55,2733.9,0,0
2009-02-25 00:00:00+05:30,2733.45,2789.35,2733.45,2762.5,0,0
2009-02-26 00:00:00+05:30,2762.2,2797.8,2731.9,2785.6,0,0
2009-02-27 00:00:00+05:30,2785.7,2787.2,2708.45,2763.65,0,0
2009-03-02 00:00:00+05:30,2764.6,2764.6,2659.55,2674.6,0,0
2009-03-03 00:00:00+05:30,2672.15,2688.5,2611.55,2622.4,0,0
2009-03-04 00:00:00+05:30,2611.94,2655.7,2611.94,2645.2,0,0
2009-03-05 00:00:00+05:30,2645.9,2663.9,2564.1,2576.69,0,0
2009-03-06 00:00:00+05:30,2576.75,2628.1,2539.44,2620.15,0,0
2009-03-09 00:00:00+05:30,2620.1,2621.25,2555.6,2573.15,0,0
2009-03-12 00:00:00+05:30,2574.5,2646.1,2574.5,2617.44,0,0
2009-03-13 00:00:00+05:30,2616.6,2726.15,2616.6,2719.25,0,0
2009-03-16 00:00:00+05:30,2716.05,2781.95,2701.95,2777.25,0,0
2009-03-17 00:00:00+05:30,2776.35,2805.6,2738.7,2757.45,0,0
2009-03-18 00:00:00+05:30,2757.65,2836.05,2752.25,2794.7,0,0
2009-03-19 00:00:00+05:30,2797.05,2822.25,2771.35,2807.15,0,0
2009-03-20 00:00:00+05:30,2807.35,2816.1,2773.65,2807.05,0,0
2009-03-23 00:00:00+05:30,2807.25,2949.75,2807.25,2939.9,0,0
2009-03-24 00:00:00+05:30,2923.8,3017.4,2914.5,2938.7,0,0
2009-03-25 00:00:00+05:30,2938.8,2996.5,2923.3,2984.35,0,0
2009-03-26 00:00:00+05:30,2982.25,3103.35,2982.25,3082.25,0,0
2009-03-27 00:00:00+05:30,3079.4,3123.35,3055.9,3108.65,0,0
2009-03-30 00:00:00+05:30,3108.75,3110.2,2962.4,2978.15,0,0
2009-03-31 00:00:00+05:30,2981.7,3054.3,2966.4,3020.95,0,0
2009-04-01 00:00:00+05:30,3023.85,3069.3,2965.7,3060.35,0,0
2009-04-02 00:00:00+05:30,3061.05,3228.75,3061.05,3211.05,0,0
2009-04-06 00:00:00+05:30,3211.35,3303.9,3211.35,3256.6,0,0
2009-04-08 00:00:00+05:30,3255.35,3357.05,3149.25,3342.95,0,0
2009-04-09 00:00:00+05:30,3346.0,3401.15,3307.05,3342.05,0,0
2009-04-13 00:00:00+05:30,3342.2,3417.8,3334.15,3382.6,0,0
2009-04-15 00:00:00+05:30,3381.45,3497.55,3311.8,3484.15,0,0
2009-04-16 00:00:00+05:30,3484.35,3511.25,3354.2,3369.5,0,0
2009-04-17 00:00:00+05:30,3369.5,3489.85,3359.25,3384.4,0,0
2009-04-20 00:00:00+05:30,3384.75,3441.1,3339.45,3377.1,0,0
2009-04-21 00:00:00+05:30,3376.85,3414.7,3309.35,3365.3,0,0
2009-04-22 00:00:00+05:30,3364.6,3401.1,3296.9,3330.3,0,0
2009-04-23 00:00:00+05:30,3330.5,3439.9,3310.5,3423.7,0,0
2009-04-24 00:00:00+05:30,3423.6,3491.35,3402.9,3480.75,0,0
2009-04-27 00:00:00+05:30,3481.3,3517.25,3435.3,3470.0,0,0
2009-04-28 00:00:00+05:30,3469.5,3471.95,3351.5,3362.35,0,0
2009-04-29 00:00:00+05:30,3371.65,3486.4,3366.7,3473.95,0,0
2009-05-04 00:00:00+05:30,3478.7,3664.5,3478.7,3654.0,0,0
2009-05-05 00:00:00+05:30,3664.5,3682.2,3618.75,3661.9,0,0
2009-05-06 00:00:00+05:30,3662.0,3717.05,3608.65,3625.05,0,0
2009-05-07 00:00:00+05:30,3617.15,3692.05,3617.15,3683.9,0,0
2009-05-08 00:00:00+05:30,3681.8,3711.25,3582.85,3620.7,0,0
2009-05-11 00:00:00+05:30,3615.75,3660.2,3534.55,3554.6,0,0
2009-05-12 00:00:00+05:30,3554.65,3691.65,3534.2,3681.1,0,0
2009-05-13 00:00:00+05:30,3668.75,3709.6,3610.2,3635.25,0,0
2009-05-14 00:00:00+05:30,3631.9,3631.9,3537.6,3593.45,0,0
2009-05-15 00:00:00+05:30,3597.85,3686.25,3597.85,3671.65,0,0
2009-05-18 00:00:00+05:30,3673.15,4384.3,3673.15,4323.14,0,0
2009-05-19 00:00:00+05:30,4324.95,4509.39,4167.64,4318.45,0,0
2009-05-20 00:00:00+05:30,4318.75,4362.85,4244.7,4270.3,0,0
2009-05-21 00:00:00+05:30,4270.35,4319.0,4199.2,4210.89,0,0
2009-05-22 00:00:00+05:30,4211.85,4249.5,4155.85,4238.5,0,0
2009-05-25 00:00:00+05:30,4238.1,4270.05,4205.1,4237.55,0,0
2009-05-26 00:00:00+05:30,4239.55,4256.05,4092.25,4116.7,0,0
2009-05-27 00:00:00+05:30,4117.3,4286.45,4115.25,4276.05,0,0
2009-05-28 00:00:00+05:30,4276.14,4354.85,4254.85,4337.1,0,0
2009-05-29 00:00:00+05:30,4340.75,4488.05,4340.75,4448.95,0,0
2009-06-01 00:00:00+05:30,4450.39,4545.39,4450.39,4529.89,0,0
2009-06-02 00:00:00+05:30,4530.45,4586.39,4451.3,4525.25,0,0
2009-06-03 00:00:00+05:30,4525.5,4574.89,4478.6,4530.7,0,0
2009-06-04 00:00:00+05:30,4530.3,4582.2,4453.45,4572.64,0,0
2009-06-05 00:00:00+05:30,4573.3,4636.85,4561.95,4586.89,0,0
2009-06-08 00:00:00+05:30,4582.35,4611.39,4404.64,4429.89,0,0
2009-06-09 00:00:00+05:30,4427.75,4562.45,4365.1,4550.95,0,0
2009-06-10 00:00:00+05:30,4551.7,4688.95,4551.7,4655.25,0,0
2009-06-11 00:00:00+05:30,4657.39,4679.55,4586.14,4637.7,0,0
2009-06-12 00:00:00+05:30,4637.55,4693.2,4566.14,4583.39,0,0
2009-06-15 00:00:00+05:30,4584.64,4601.05,4469.6,4484.0,0,0
2009-06-16 00:00:00+05:30,4478.1,4537.95,4405.95,4517.8,0,0
2009-06-17 00:00:00+05:30,4515.35,4517.8,4332.8,4356.14,0,0
2009-06-18 00:00:00+05:30,4352.95,4375.3,4222.14,4251.39,0,0
2009-06-19 00:00:00+05:30,4251.1,4326.2,4206.7,4313.6,0,0
2009-06-22 00:00:00+05:30,4314.2,4352.25,4221.89,4235.25,0,0
2009-06-23 00:00:00+05:30,4223.3,4267.45,4143.25,4247.0,0,0
2009-06-24 00:00:00+05:30,4247.3,4307.0,4218.25,4292.95,0,0
2009-06-25 00:00:00+05:30,4293.85,4337.95,4221.14,4241.85,0,0
2009-06-26 00:00:00+05:30,4243.95,4383.75,4243.95,4375.5,0,0
2009-06-29 00:00:00+05:30,4375.39,4439.95,4350.89,4390.95,0,0
2009-06-30 00:00:00+05:30,4391.5,4426.75,4267.35,4291.1,0,0
2009-07-01 00:00:00+05:30,4292.3,4362.3,4249.7,4340.89,0,0
2009-07-02 00:00:00+05:30,4373.5,4383.64,4288.75,4348.85,0,0
2009-07-03 00:00:00+05:30,4347.3,4434.45,4298.95,4424.25,0,0
2009-07-06 00:00:00+05:30,4429.6,4479.8,4133.7,4165.7,0,0
2009-07-07 00:00:00+05:30,4166.0,4231.8,4155.5,4202.14,0,0
2009-07-08 00:00:00+05:30,4201.85,4201.85,4061.1,4078.9,0,0
2009-07-09 00:00:00+05:30,4078.75,4114.89,4039.85,4080.95,0,0
2009-07-10 00:00:00+05:30,4081.4,4129.95,3976.8,4003.9,0,0
2009-07-13 00:00:00+05:30,4003.4,4003.4,3918.75,3974.05,0,0
2009-07-14 00:00:00+05:30,3974.1,4128.89,3974.1,4111.39,0,0
2009-07-15 00:00:00+05:30,4120.8,4249.55,4118.75,4233.5,0,0
2009-07-16 00:00:00+05:30,4223.5,4305.0,4205.5,4231.39,0,0
2009-07-17 00:00:00+05:30,4231.45,4390.39,4230.14,4374.95,0,0
2009-07-20 00:00:00+05:30,4377.89,4510.3,4377.89,4502.25,0,0
2009-07-21 00:00:00+05:30,4501.5,4524.0,4436.6,4469.1,0,0
2009-07-22 00:00:00+05:30,4469.3,4557.95,4380.45,4398.89,0,0
2009-07-23 00:00:00+05:30,4409.7,4532.39,4405.95,4523.75,0,0
2009-07-24 00:00:00+05:30,4524.8,4578.75,4504.85,4568.55,0,0
2009-07-27 00:00:00+05:30,4568.64,4596.75,4528.5,4572.3,0,0
2009-07-28 00:00:00+05:30,4572.8,4599.89,4529.14,4564.1,0,0
2009-07-29 00:00:00+05:30,4565.8,4573.85,4420.8,4513.5,0,0
2009-07-30 00:00:00+05:30,4513.1,4582.35,4474.5,4571.45,0,0
2009-07-31 00:00:00+05:30,4571.6,4669.75,4571.6,4636.45,0,0
2009-08-03 00:00:00+05:30,4633.8,4723.75,4617.75,4711.39,0,0
2009-08-04 00:00:00+05:30,4706.25,4731.45,4642.6,4680.5,0,0
2009-08-05 00:00:00+05:30,4680.95,4717.2,4629.85,4694.14,0,0
2009-08-06 00:00:00+05:30,4694.35,4718.14,4559.2,4585.5,0,0
2009-08-07 00:00:00+05:30,4591.89,4591.89,4463.95,4481.39,0,0
2009-08-10 00:00:00+05:30,4486.5,4562.5,4399.85,4437.64,0,0
2009-08-11 00:00:00+05:30,4435.0,4510.8,4398.89,4471.35,0,0
2009-08-12 00:00:00+05:30,4473.8,4473.8,4359.39,4457.5,0,0
2009-08-13 00:00:00+05:30,4458.55,4614.14,4458.55,4605.0,0,0
2009-08-14 00:00:00+05:30,4605.14,4619.0,4559.35,4580.05,0,0
2009-08-17 00:00:00+05:30,4578.8,4578.8,4374.6,4387.89,0,0
2009-08-18 00:00:00+05:30,4389.5,4491.45,4372.64,4458.89,0,0
2009-08-19 00:00:00+05:30,4457.75,4477.55,4353.45,4394.1,0,0
2009-08-20 00:00:00+05:30,4394.35,4492.8,4394.35,4453.45,0,0
2009-08-21 00:00:00+05:30,4453.45,4538.7,4400.89,4528.8,0,0
2009-08-24 00:00:00+05:30,4536.95,4656.3,4536.95,4642.8,0,0
2009-08-25 00:00:00+05:30,4641.64,4672.89,4582.5,4659.35,0,0
2009-08-26 00:00:00+05:30,4659.45,4697.8,4659.1,4680.85,0,0
2009-08-27 00:00:00+05:30,4679.0,4707.89,4645.14,4688.2,0,0
2009-08-28 00:00:00+05:30,4688.39,4743.75,4651.39,4732.35,0,0
2009-08-31 00:00:00+05:30,4730.85,4730.85,4635.0,4662.1,0,0
2009-09-01 00:00:00+05:30,4662.2,4735.89,4600.64,4625.35,0,0
2009-09-02 00:00:00+05:30,4624.0,4650.45,4576.6,4608.35,0,0
2009-09-03 00:00:00+05:30,4608.75,4647.35,4581.05,4593.55,0,0
2009-09-04 00:00:00+05:30,4608.7,4697.2,4580.35,4680.39,0,0
2009-09-07 00:00:00+05:30,4682.39,4790.0,4679.3,4782.89,0,0
2009-09-08 00:00:00+05:30,4782.85,4842.2,4782.64,4805.25,0,0
2009-09-09 00:00:00+05:30,4804.89,4825.05,4783.5,4814.25,0,0
2009-09-10 00:00:00+05:30,4814.35,4889.05,4807.89,4819.39,0,0
2009-09-11 00:00:00+05:30,4819.39,4856.14,4791.55,4829.55,0,0
2009-09-14 00:00:00+05:30,4830.35,4832.25,4786.25,4808.6,0,0
2009-09-15 00:00:00+05:30,4808.35,4899.45,4808.35,4892.1,0,0
2009-09-16 00:00:00+05:30,4894.64,4966.3,4894.64,4958.39,0,0
2009-09-17 00:00:00+05:30,4958.55,5003.05,4944.14,4965.55,0,0
2009-09-18 00:00:00+05:30,4963.95,4980.85,4931.89,4976.05,0,0
2009-09-22 00:00:00+05:30,4977.1,5036.3,4977.1,5020.2,0,0
2009-09-23 00:00:00+05:30,5019.95,5030.75,4957.05,4969.95,0,0
2009-09-24 00:00:00+05:30,4977.14,5016.7,4904.05,4986.55,0,0
2009-09-25 00:00:00+05:30,4985.1,4994.35,4931.25,4958.95,0,0
2009-09-29 00:00:00+05:30,4959.14,5020.25,4959.1,5006.85,0,0
2009-09-30 00:00:00+05:30,5007.64,5087.6,5004.35,5083.95,0,0
2009-10-01 00:00:00+05:30,5087.2,5110.5,5057.05,5083.39,0,0
2009-10-05 00:00:00+05:30,5076.05,5076.05,4991.95,5003.2,0,0
2009-10-06 00:00:00+05:30,5003.64,5034.7,4921.05,5027.39,0,0
2009-10-07 00:00:00+05:30,5031.7,5077.0,4972.95,4985.75,0,0
2009-10-08 00:00:00+05:30,5011.25,5043.05,4971.75,5002.25,0,0
2009-10-09 00:00:00+05:30,4993.0,5032.6,4934.55,4945.2,0,0
2009-10-12 00:00:00+05:30,4945.45,5068.05,4945.45,5054.25,0,0
2009-10-14 00:00:00+05:30,5054.35,5127.39,5054.35,5118.2,0,0
2009-10-15 00:00:00+05:30,5118.55,5152.25,5077.1,5108.85,0,0
2009-10-16 00:00:00+05:30,5108.64,5149.64,5093.2,5142.14,0,0
2009-10-17 00:00:00+05:30,5159.35,5176.8,5124.25,5141.8,0,0
2009-10-20 00:00:00+05:30,5145.6,5181.95,5102.64,5114.45,0,0
2009-10-21 00:00:00+05:30,5114.85,5117.45,5051.64,5063.6,0,0
2009-10-22 00:00:00+05:30,5063.35,5064.25,4968.45,4988.6,0,0
2009-10-23 00:00:00+05:30,4986.55,5054.95,4983.25,4997.05,0,0
2009-10-26 00:00:00+05:30,4997.14,5033.75,4961.35,4970.89,0,0
2009-10-27 00:00:00+05:30,4970.55,4970.55,4829.5,4846.7,0,0
2009-10-28 00:00:00+05:30,4846.55,4867.0,4784.1,4826.14,0,0
2009-10-29 00:00:00+05:30,4826.1,4826.1,4738.39,4750.55,0,0
2009-10-30 00:00:00+05:30,4751.1,4853.64,4687.5,4711.7,0,0
2009-11-03 00:00:00+05:30,4712.25,4729.85,4538.5,4563.89,0,0
2009-11-04 00:00:00+05:30,4567.3,4717.8,4565.0,4710.8,0,0
2009-11-05 00:00:00+05:30,4711.64,4776.35,4610.6,4765.55,0,0
2009-11-06 00:00:00+05:30,4767.5,4836.2,4764.85,4796.14,0,0
2009-11-09 00:00:00+05:30,4796.14,4905.25,4789.89,4898.39,0,0
2009-11-10 00:00:00+05:30,4898.89,4947.7,4860.1,4881.7,0,0
2009-11-11 00:00:00+05:30,4882.3,5016.7,4870.05,5003.95,0,0
2009-11-12 00:00:00+05:30,5004.39,5014.39,4924.75,4952.64,0,0
2009-11-13 00:00:00+05:30,4952.35,5017.89,4942.64,4998.95,0,0
2009-11-16 00:00:00+05:30,4996.5,5073.2,4994.0,5058.05,0,0
2009-11-17 00:00:00+05:30,5058.95,5074.0,5010.14,5062.25,0,0
2009-11-18 00:00:00+05:30,5061.5,5079.3,5041.64,5054.7,0,0
2009-11-19 00:00:00+05:30,5043.95,5053.45,4963.7,4989.0,0,0
2009-11-20 00:00:00+05:30,4988.75,5063.3,4932.8,5052.45,0,0
2009-11-23 00:00:00+05:30,5052.95,5113.1,5052.1,5103.55,0,0
2009-11-24 00:00:00+05:30,5105.0,5112.85,5053.5,5090.55,0,0
2009-11-25 00:00:00+05:30,5091.55,5138.0,5078.35,5108.14,0,0
2009-11-26 00:00:00+05:30,5116.45,5116.45,4986.05,5005.55,0,0
2009-11-27 00:00:00+05:30,5005.05,5005.05,4806.7,4941.75,0,0
2009-11-30 00:00:00+05:30,4942.25,5066.35,4942.25,5032.7,0,0
2009-12-01 00:00:00+05:30,5039.7,5130.35,5038.85,5122.0,0,0
2009-12-02 00:00:00+05:30,5122.75,5161.75,5111.75,5123.25,0,0
2009-12-03 00:00:00+05:30,5124.55,5181.0,5106.6,5131.7,0,0
2009-12-04 00:00:00+05:30,5131.7,5161.8,5081.85,5108.89,0,0
2009-12-07 00:00:00+05:30,5108.85,5131.3,5051.55,5066.7,0,0
2009-12-08 00:00:00+05:30,5068.55,5152.55,5058.89,5147.89,0,0
2009-12-09 00:00:00+05:30,5147.64,5147.64,5090.6,5112.0,0,0
2009-12-10 00:00:00+05:30,5112.39,5146.45,5084.64,5134.6,0,0
2009-12-11 00:00:00+05:30,5136.05,5182.55,5088.39,5117.3,0,0
2009-12-14 00:00:00+05:30,5117.45,5156.7,5090.14,5105.7,0,0
2009-12-15 00:00:00+05:30,5105.75,5129.45,5018.25,5033.05,0,0
2009-12-16 00:00:00+05:30,5032.95,5067.25,5001.8,5042.05,0,0
2009-12-17 00:00:00+05:30,5046.64,5064.2,5013.14,5041.75,0,0
2009-12-18 00:00:00+05:30,5042.0,5043.39,4979.05,4987.7,0,0
2009-12-21 00:00:00+05:30,4983.64,4997.85,4943.95,4952.6,0,0
2009-12-22 00:00:00+05:30,4953.35,4997.3,4953.35,4985.85,0,0
2009-12-23 00:00:00+05:30,4990.05,5150.6,4990.05,5144.6,0,0
2009-12-24 00:00:00+05:30,5144.8,5197.89,5129.05,5178.39,0,0
2009-12-29 00:00:00+05:30,5180.75,5214.6,5175.85,5187.95,0,0
2009-12-30 00:00:00+05:30,5188.75,5197.05,5160.1,5169.45,0,0
2009-12-31 00:00:00+05:30,5171.2,5221.85,5168.75,5201.05,0,0
